Name,Sector,City,Address,Phone,Email,Lat-Long
SBOA SCHOOL & JR COLLEGE [SBOASJC],School,Chennai,"18, School Rd, D-Sector, Anna Nagar West Extension, Chennai, Tamil Nadu 600101",044 2615 1145,",sboapublicschool@gmail.com,","13.0921306,80.1927639"
CHETTINAD VIDYASHRAM [CV],School,Chennai,"2799+3VJ, Thandavarayan St, MRC Nagar, Raja Annamalai Puram, Chennai, Tamil Nadu 600028",044 2493 3722,",x3ec.vidyashram@gmail.com,c.vidyashram@gmail.com,","13.0177168,80.2670737"
Velammal Vidhyashram [VV],School,Chennai,"Velammal New Gen Park, Ambattur-redhills Road, Surapet Chennai-600066",,",info@vcahs.edu,info@velammalmain.com,vvg.info@velammalvidhyashram.edu.in,vvs.info@velammalvidhyashram.edu.in,vcahs@velammalmedicalcollege.edu.in,vngsng.info@velammal.edu.in,info.annex@velammalvidyalaya.in,u003evvs.info@velammalvidhyashram.edu.in,","13.0485506,79.9489282"
MAHARISHI VIDYA MANDIR [MVM],School,Chennai,"28 ?DR. GURUSWAMY ROAD CHETPET CHENNAI TAMIL NADU, 600031",,",mvmtvt@gmail.com,info@mvmkf.org,mvmchen@gmail.com,u003eprincipal@mvmavadi.in,msechennai@mssmail.org,principal@mvmavadi.in,mvmskpd@gmail.com,","18.2427728,70.7833623"
Padma Seshadri Bala Bhavan Senior Secondary School [PSBB],School,Chennai,"11 ALAGIRISAMY SALAI K K NAGAR CHENNAI TAMIL NADU, 600078",,"psbb_school@yahoo.co.in,,admission.omr@psbbmillenniumschool.org,info@psbbmathrsec.com,","13.0446617,80.1788168"
VELAMMAL VIDYALAYA [VV],School,Chennai,"Velammal Avenue, Mel Ayanambakkam, Chennai, Tamil Nadu 600095
044 2653 6780",,",info.melayanambakkam@velammalnexus.com,info.west@velammalnexus.com,info@vvpoonamallee.in,info@velammalmain.com,vvkarambakkam@gmail.com,","13.0959834,80.1312808"
DON BOSCO SCHOOL [DBSOE],School,Chennai,"DON BOSCO SCHOOL OF EXCELLENCE
NO. 53, PANTHEON ROAD, EGMORE,, 600008",,",dmidonbosco@gmail.com,PRINCIPAL@DONBOSCOSCHOOL.IN,dbxoffice23@gmail.com,x3ePRINCIPAL@DONBOSCOSCHOOL.IN,dbschool@dbegmore.com,stbedesacademy2014@gmail.com,dbschoolofexcellence@gmail.com,stbedeschennai@gmail.com,","16.1226566,71.2568986"
CHINMAYA VIDYALAYA [CV],School,Chennai,"CHINMAYA NAGAR STAGE-II VIRUGAMBAKKAM CHENNAI TAMIL NADU, 600092",,",chnvidya@md3.vsnl,cv.mandya@gmail.com,16351555001622449882layer-35@3x.jpg,cvvprincipal@gmail.com,kilpauk@cvchennai.org,virugambakkam@cvchennai.org,","15.0894383,68.1285818"
CHENNAI PUBLIC SCHOOL [CPS],School,Chennai,"TVS AVENUE MAIN ROAD ANNANAGAR WEST EXTENSION, 600101",,",pro@chennaipublicschool.com,MAIL@CHENNAIPUBLICSCHOOL.COM,resume@chennaipublicschool.com,mail@chennaipublicschool.com,apply@chennaipublicschool.com,pro.ann@chennaipublicschool.com,","13.102201,80.0124271"
SRIMATHI SUNDARAVALLI MEMORIAL SCHOOL [SSMS],School,Chennai,"Mappedu Rd, Alappakam, Alapakkam, New Perungalathur, Chennai, Sadhanathapuram, Tamil Nadu 600063",044 4509 4270,"principalssms.perungalathur@ssmetrust.in,,ssms@vsnl.com,adminssms.perungalathur@ssmetrust.in,smkmuthukumar@gmail.com,","12.8960587,80.1172064"
KENDRIYA VIDYALAYA [KV],School,Chennai,"DR. NATESAN SALAI ASHOK NAGAR CHENNAI TAMIL NADU, 600083",,",kvsrochennaiadmn@gmail.com,ppl.avadiafs@kvs.gov.in,kvigch2@yahoo.co.in,","18.4760581,73.8698087"
Lalaji Memorial Omega International School [LMOIS],School,Chennai,"79, Omega School Road, Pallavaram Road, Kovur, Kolapakkam, Chennai, Tamil Nadu 600128",044 6624 1117,",webmaster@omegaschools.org,info@omegaschools.org,admissions@omegaschools.org,","13.003725,80.145026"
DAV GIRLS SR SEC SCHOOL [DAVGSSS],School,Chennai,"182 ?LLOYDS ROAD GOPALAPURAM CHENNAI TAMIL NADU, 600086",,",ushakc69@gmail.com,girls.gpm@davchennai.org,","13.0691185,80.1759877"
D A V Boys Senior Sec School [DAVBSSS],School,Chennai,"212-213 Lloyds Road Gopalapuram Chennai Tamil Nadu, 600086",044 2835 2866,"boys.gpm@davchennai.org,,davboysss@gmail.com,","13.0502691,80.2540114"
KENDRIYA VIDYALAYA [KV],School,Chennai,kendriya vidyalaya CRPF AVADI chennai-65,,",kvsrochennaiadmn@gmail.com,ppl.avadiafs@kvs.gov.in,kvigch2@yahoo.co.in,","18.4760581,73.8698087"
The PSBB Millennium School [TPMS],School,Chennai,"9, Grand Southern Trunk Rd, near PSBB Millenium School, Parangi Malai, Alandur, Chennai, Ramapuram, Tamil Nadu 600016",,",admission.omr@psbbmillenniumschool.org,info.omr@psbbmillenniumschool.org,admissions.cbe@psbbmillenniumschool.org,admissions.gbkm@psbbmillenniumschool.org,hr.kbkm@psbbmillenniumschool.org,headschools.cbe@psbbmillenniumschool.org,","13.0012278,80.1963804"
D A V PUBLIC SCHOOL [DAVPS],School,Chennai,"NO 19 SITARAM NAGAR VELACHERY CHENNAI TAMIL NADU, 600042",,",davps8chd@yahoo.com,davps.bsp@gmail.com,davpshfc@gmail.com,davps.sbd@gmail.com,davpsmma@yahoo.co.in,edudwar.com@gmail.com,","18.8336947,72.7670488"
PON VIDYASHRAM [PV],School,Chennai,"SAPTHAGIRI NAGAR ARCOT ROAD, VALASARAVAKKAM CHENNAI, 600008",,"principalvvm@ponvidyashram.in,info@ponvidyashram.in,ponvidyashram@vsnl.net,,","12.9806066,80.1176144"
JAWAHAR VIDYALAYA SR SEC SCHOOL [JVSSS],School,Chennai,"IV - AVENUE ASHOK NAGAR CHENNAI TAMIL NADU, 600083",,"u003ejvsss@yahoo.com,,jvadmnoff@gmail.com,jvsss@yahoo.com,","16.0349522,71.2339086"
Velammal Matriculation Higher Secondary School [VMS],School,Chennai,"?Velammal Gardens"" T.S. Krishna Nagar, Chennai: 600 037",,",u003einfo@velammalmain.com,info@velammalmain.com,hm.eastschool@velammalmain.com,info@tvis.in,info.matricmain@velammalnexus.com,","11.5630295,77.8602195"
P S SENIOR SECONDARY SCHOOL [PSSSS],School,Chennai,"33, Alamelu Manga Puram Rd, Alamelu Manga Puram, Saradapuram, Mylapore, Chennai, Tamil Nadu 600004",044 2464 0656,",psschool@vsnl.com,pssrsec@gmail.com,x3epssrsec@gmail.com,","13.030978,80.2627086"
SMT RAMKUWAR DEVI FOMRA VIVEKANAND VIDYALAYA [SRDFVV],School,Chennai,"14, Mahadevan St, Nehru Nagar, Chromepet, Chennai, Tamil Nadu 600044",,"srdfvvidyalaya@gmail.com,,info@srdfvv.net,","12.9452692,80.1404743"
KENDRIYA VIDYALAYA [KV],School,Chennai,"ISLAND GROUND PALLAVAN SALAI CHENNAI TAMIL NADU, 600002",,",kvsrochennaiadmn@gmail.com,ppl.avadiafs@kvs.gov.in,kvigch2@yahoo.co.in,","18.4760581,73.8698087"
NATIONAL PUBLIC SCHOOL [NPS],School,Chennai,"228 AVVAI SHANMUGAM ROAD GOPALAPURAM CHENNAI TAMIL NADU, 600086",044 2835 1973,",npschennai@yahoo.com,info@npschennai.com,npsomrhr@gmail.com,Info@npschennai.com,hr@npschennai.com,","18.4550534,73.8392725"
KENDRIYA VIDYALAYA [KV],School,Chennai,"IIT CAMPUS CHENNAI TAMIL NADU, 600036",,",kvsrochennaiadmn@gmail.com,ppl.avadiafs@kvs.gov.in,kvigch2@yahoo.co.in,","18.4760581,73.8698087"
DAV Boys Senior Secondary School [DBAVSSS],School,Chennai,"213, Avvai Shanmugam Salai, Gopalapuram, Chennai, Tamil Nadu 600086",044 2835 2866,"boys.gpm@davchennai.org,,davboysss@gmail.com,shanthydavgpm@gmail.com,","13.0502691,80.2540114"
KENDRIYA VIDYALAYA [KV],School,Chennai,"G P R A CAMPUS TIRUMANGALAM ANNA NAGAR CHENNAI, TAMILNADU, 600040",,",kvsrochennaiadmn@gmail.com,ppl.avadiafs@kvs.gov.in,kvigch2@yahoo.co.in,","18.4760581,73.8698087"
Sri Sankara Sr Sec School [SSSSS],School,Chennai,"9, 21, Vasantha Press Rd, Arunachalapuram, Adyar, Chennai, Tamil Nadu 600020",,",info@srisankaramatric.com,hr@ietrust.in,principal@sssa.in,","13.0100267,80.2583646"
MODERN SENI SEC SCHOOL [MSSS],School,Chennai,"6th St, Lakshmi Nagar IV Stage, AG'S Office Colony, Nanganallur, Chennai, Tamil Nadu 600061",044 2224 0110,",mssspatiala@gmail.com,modernnglr2019@gmail.com,modernnglr@gmail.com,","12.9738293,80.1828786"
AMRITA VIDYALAYAM [AV],School,Chennai,"AMMAN NAGAR NESAPAKKAM CHENNAI, 600078",,",avnallampalayam@gmail.com,av.secbad@gmail.com,info@avdelhi.com,n@avchennai.edu.in,amrita.vidyalayam@gmail.com,","18.4759913,73.7461982"
Bala Vidya Mandir Sr Sec School [BVMSSS],School,Chennai,"#58, B Ramachandra Adithanar Rd, Gandhi Nagar, Adyar, Chennai, Tamil Nadu 600020",044 2442 4445,",vmady@md3.vsnl.net.in,info@balavidyamandir.org,thanga@vsnl.com,infobvmadyar@gmail.com,bvmsss@hotmail.com,","13.0098922,80.2480584"
B V BHAVAN'S RAJAJI VIDYASHRAM [BVBRV],School,Chennai,"6, Kilpauk Garden Road, Davidpuram, Kilpauk, Chennai, Tamil Nadu 600010",044 2644 2823,"brvinfo@bvbchennai.org,,brvpgs@bvbchennai.org,bhavan@chennaikendra.com,","13.0842753,80.2379283"
ALWIN MEMORIAL PUBLIC SCHOOL [AMPS],School,Chennai,"Indira Nagar, Selaiyur, Chennai, Tamil Nadu 600073",044 2229 2051,",zionschool@in.com,alwinschool2010@gmail.com,officeamps@zionschool.ac.in,","12.9137618,80.1428102"
VANI VIDYALAYA [VV],School,Chennai,"NO 12 VEMBULIAMMAN KOIL STREET WEST K K NAGAR CHENNAI TAMIL NADU, 600078",044 2364 0445,"vanividyalayaedu@gmail.com,,principal@vanividyalaya.edu.in,","15.1238294,72.3077212"
SHRI B S MOOTHA GIRLS SR SEC SCHOOL [SBSMGSSS],School,Chennai,"26RH+HCR, 80, Brindavan St, Ramakrishnapuram, West Mambalam, Chennai, Tamil Nadu 600033",044 4337 6363,",sbsmschool@gmail.com,","13.0416977,80.2254946"
CHINMAYA VIDYALAYA [CV],School,Chennai,"TAPOVANAM 9-B ?TAYLORS ROAD KILPAUK CHENNAI TAMIL NADU, 600010",,",chnvidya@md3.vsnl,cv.mandya@gmail.com,16351555001622449882layer-35@3x.jpg,cvvprincipal@gmail.com,kilpauk@cvchennai.org,virugambakkam@cvchennai.org,","15.0894383,68.1285818"
ST. JOHN'S ENGLISH SCHOOL [SJES],School,Chennai,"SECOND CROSS STREET NEAR C P W D QTRS. BESANT NAGAR CHENNAI TAMIL NADU, 600090",,"info@sjbn.edu.in,,stjohns@md3.vsnl.net.in,info@stjohnscbse.com,","18.5163008,73.8715104"
ASAN MEMORIAL SR SEC SCHOOL [AMSSS],School,Chennai,"COCHIN HOUSE 1-ANDERSON ROAD CHENNAI TAMIL NADU, 600006",044 2827 5858,",info.matric@asaneducation.com,x3einfo.matric@asaneducation.com,","13.0639281,80.2494122"
KENDRIYA VIDYALAYA [KVCLRI],School,Chennai,"PATEL ROAD, ADYAR, Chennai, Tamil Nadu 600020",044 2442 1219,",ppl.chennaiclri@kvs.gov.in,clrim@vsnl.com,kvclri@gmail.com,kvsrochennaiadmn@gmail.com,","13.0074064,80.2441572"
The Hindu Senior Secondary School [THSSS],School,Chennai,"Plot No.1 2nd Main Road Indira Nagar Chennai Tamil Nadu, 600020",,",hinducourtroad@gmail.com,40220@cbseshiksha.in,hssstripoffice@gmail.com,x3ehinducourtroad@gmail.com,hsssindiranagar@gmail.com,x3e40220@cbseshiksha.in,","13.0287854,80.2440856"
THE SCHRAM ACADEMY [TSA],School,Chennai,"I SCHRAM AVENUE MADURAVOYAL CHENNAI, 600095",,",reception.ayn@tsacademy.edu.in,office.ayn@tsacademy.edu.in,info@theschramacademy.com,","13.0443334,79.9472063"
UNITY PUBLIC SCHOOL [UPS],School,Chennai,"109, Lake View Rd, Teachers Colony, Duraisamy Nagar, Kotturpuram, Chennai, Tamil Nadu 600085",044 4266 4333,",principal.ups@unityschool.in,unitypublic@unityschool.in,u003eUNITYPUBLIC@UNITYSCHOOL.IN,UNITYPUBLIC@UNITYSCHOOL.IN,","13.010869,80.2433241"
KOLA SARASWATHI VAISHNAV SR SEC SCHO [KSVSSS],School,Chennai,"40/41, Barnaby Rd, Kilpauk, Chennai, Tamil Nadu 600010",044 2641 1512,",sportsksv@kolasaraswathi.com,principal@kolasaraswathi.com,kolasaraswathy@yahoo.co.in,","13.0792423,80.2434766"
VIDYA MANDIR SR SEC SCHOOL [VMSSS],School,Chennai,"124 ?ROYAPETAH HIGH ROAD MYLAPORE CHENNAI TAMIL NADU, 600004",,",info@vidyamandirponneri.org,","18.4760581,73.8698087"
S P D H SINDHI MODEL SR SEC SCHOOL [SPDHSMSSS],School,Chennai,"Sindhi Model Senior Secondary School, 1, Damodharan St, Kellys, Davidpuram, Kilpauk, Chennai, Tamil Nadu 600010",044 2644 2454,",sindhimodelschool@yahoo.com,admin@sindhimodel.in,chairman@sindhimodel.in,secretary@sindhimodel.in,","13.085225,80.2415691"
CHINMAYA VIDYALAYA [CV],School,Chennai,"PLOT NO. 5063 Z BLOCK BELLY AREA ANNA NAGAR WEST CHENNAI, 600040",,",chnvidya@md3.vsnl,cv.mandya@gmail.com,16351555001622449882layer-35@3x.jpg,cvvprincipal@gmail.com,kilpauk@cvchennai.org,virugambakkam@cvchennai.org,","15.0894383,68.1285818"
BHAKTAVATSALAM VIDYASHRAM [BV],School,Chennai,"Bhakthavatsalam Memorial Trust, BAKTHAVACHALAM VIDHYASHRAM SCHOOL, No 14, 31st street, Venkatraman Nagar, TNHB Colony, Periyay Nagar, Chennai, Tamil Nadu 600050",044 2687 0899,",info@bvcbse.ac.in,vijimarch31@gmail.com,vicechairman@bvcbse.ac.in,bvschool1990@rediffmail.com,","13.1092606,80.1805887"
SIR SIVASWAMI KALALAYA SR SEC SCHOOL [SSKSSS],School,Chennai,"5 SUNDARESWARAR STREET MYLAPORE CHENNAI TAMIL NADU, 600004",,"reachus@sirsivaswamikalalaya.org,,","13.0406778,80.257107"
Padma Seshadri Bala Bhavan Senior Secondary School [PSBB],School,Chennai,"NO.7 LAKE AREA FIRST MAIN ROAD NUNGAMBAKKAM CHENNAI TAMIL NADU, 600034",,"psbb_school@yahoo.co.in,,admission.omr@psbbmillenniumschool.org,info@psbbmathrsec.com,","13.0446617,80.1788168"
KENDRIYA VIDYALAYA NO.1 [KVN],School,Chennai,"A F S TAMBARAM SELAIYUR CHENNAI TAMIL NADU, 600073",,",kvashoknagar@gmail.com,kvnasakm@rediffmail.com,kvmaduraino1@yahoo.co.in,kvarakkonamoffice@gmail.com,kvsrochennaiadmn@gmail.com,ppl.annanagar@kvs.gov.in,kvannanagarchennai@gmail.com,","18.5920344,73.9168454"
SREE NARAYANA MISSION SR SEC SCHOOL [SNMSSS],School,Chennai,"2/54, Easwaran Koil Street, West Mambalam, Chennai, Tamil Nadu 600033",044 2489 3093,"prlsnmsss@gmail.com,,sreenm_sss@yahoo.com,","13.0355573,80.2242289"
Chettinad Hari Shree Vidyalayam [CHSV],School,Chennai,"20, Srinivasa Ave Rd, Ramakrishna Nagar, Raja Annamalai Puram, Chennai, Tamil Nadu 600028",044 2461 5254,",2ashoka@gmail.com,2tulsi@gmail.com,mailus@harishree.org,hsv.2ashoka@gmail.com,hsv.2chandanam@gmail.com,hsv.2tulsi@gmail.com,2chandanam@gmail.com,","13.0226983,80.2581865"
SRI RAMDAYAL KHEMKA V. VIDYALAYA [srdkvv],School,Chennai,"No.9, Ellaiamman Koil St, Sathiyamoorthy Nagar, Rajakadai, Tiruvottiyur, Chennai, Tamil Nadu 600019",044 2345 5940,",srdkvv_tvt@yahoo.co.in,","13.1568769,80.299995"
THE HINDU SENIOR SEC ?SCHOOL [THSSS],School,Chennai,"1, 2nd Main Rd, Indira Nagar, Adyar, Chennai, Tamil Nadu 600020",,",hinducourtroad@gmail.com,40220@cbseshiksha.in,hhss@vsnl.com,hssstripoffice@gmail.com,x3ehinducourtroad@gmail.com,hsssindiranagar@gmail.com,x3e40220@cbseshiksha.in,","12.9976629,80.2510076"
KENDRIYA VIDYALAYA [KV],School,Chennai,"AIR FORCE STATION AVADI CHENNAI TAMIL NADU, 600055",,",kvsrochennaiadmn@gmail.com,ppl.avadiafs@kvs.gov.in,kvigch2@yahoo.co.in,","18.4760581,73.8698087"
KALIGI RANGANATHAN MONTFORD PUBLIC SCHOOL [KRMPS],School,Chennai,"Block No: 11, SHANTHI NAGAR, 2ND LANE, SEMBIUM, (PERAMBUR), CHENNAI - 600 011",,"krmpublicschool@gmail.com,,kaligiperambur@gmail.com,hr.krmgroup@gmail.com,","13.1027199,80.2303296"
KOLA PERUMAL CHETTY VAISHNAV SENIOR SECONDARY SCHOOL [KPCVSSS],School,Chennai,"Periyar E.V.R. Salai, Gokul Bagh, 815, Kolaperumal School St, Arumbakkam, Chennai, Tamil Nadu 600106",044 2363 1819,"kolaperumal@gmail.com,,","13.0743908,80.2113441"
GURU SHREE SANTHIVIJAY JAIN VIDYALAY [GSSJV],School,Chennai,"No. 96, 154, Vepery High Rd, Vepery, Choolai, Chennai, Tamil Nadu 600007",044 2532 2541,",u003egssjain@gmail.com,gssjain@gmail.com,gssvjain@yahoo.co.in,","13.0861594,80.2614051"
DEVI ACADEMY [DA],School,Chennai,"25X8+7H9, Sridevi Nagar, Allapakkam, Porur, Chennai, Tamil Nadu 600095",,"deviacademychennai@gmail.com,,","13.048173,80.1638985"
SMT NARBADA DEVI J AGARWAL V VIDYALA [SNDJAVV],School,Chennai,"VIVEKANANDA VIDYALAYA JUNIOR COLLEGE, MKB Nagar, Mahakavi Bharathiyar Nagar Central, Mahakavi Bharathi Nagar, Vyasarpadi, Chennai, Tamil Nadu 600039",044 2345 2129,"sndjavv@gmail.com,,nsndjavv@gmail.com,","13.1220483,80.2592851"
NARAYANA E-TECHNO SCHOOL [NETS],School,Chennai,"NO.5/1, KKP SALAI, RAGANAVENDRA NAGAR, RAMAPURAM, CHENNAI - 600089",,",chewtr.etechno@narayanagroup.com,nsiliguri@narayanagroup.com,x22nsiliguri@narayanagroup.com,cheecr.etechno@narayanagroup.com,cheab.etechno@narayanagroup.com,info@narayanagroup.com,x3ensiliguri@narayanagroup.com,u003echewtr.etechno@narayanagroup.com,","18.4760581,73.8698087"
ST BRITTOS ACADEMY [SBA],School,Chennai,"R3/3, Nethaji Rd, Railar Nagar, TNHB Colony, Velachery, Chennai, Ramapuram, Tamil Nadu 600042",090420 49890,",admin@stbrittos.com,admin@stbrittosacademy.edu,exampleemail@domain.com,sbavelacheryalumni@gmail.com,admin@stbrittosacademy.edu.in,","12.9930277,80.2076204"
THE VELAMMAL INTERNATIONAL SCHOOL [TVIS],School,Chennai,"Velammal Knowledge Park, High Road, Panchetti, Kolkata High Road, Tamil Nadu 601204",,",xxxx@tvis.in,u003einfo@tvis.in,PRINCIPAL@TVIS.IN,info@tvis.in,","13.299733,80.1563945"
ST. JOHN'S SENIOR SEC SCHOOL [SJSSS],School,Chennai,"9, S Canal Bank Rd, Mandavelipakkam, Mandaveli, Chennai, Tamil Nadu 600028",,",info@stjohnscbse.com,stjohnscbse.in@gmail.com,","13.0253514,80.2651071"
SRI JAWANTHRAJ TEJRAJ SURANA JAIN VIDYALAYA [SJTSJV],School,Chennai,"# 2, Badrian Street, Badri Garden, Park Town, Chennai, Tamil Nadu 600001",044 2535 7691,",sjtsjv@vsnl.com,","13.0900435,80.2738672"
ARSHA VIDYA MANDIR [AVM],School,Chennai,"114, Velachery Rd, Little Mount, Guindy, Chennai, Tamil Nadu 600032",044 2230 1177,",u003eavm@arshavidyamandir.in,avm@arshavidyamandir.in,","13.0085287,80.2186371"
Sri Chaitanya Techno School [SCTS],School,Chennai,"Adjacent to Global Hospital, Indra priyadharshini Nagar, Perumbakkam, Chennai, Tamil Nadu 600100",,",Perumbakkamprincipal@srichaitanyaschool.net,keelkattalai@srichaitanyaschool.net,","18.5754509,73.9916258"
SMT DURGADEVI CHOUDHARI V VIDYALAYA [SDCVV],School,Chennai,"Venkata Subramaniya Nagar, Sakthivel Nagar, Shakthivel Nagar, Kolathur, Chennai, Tamil Nadu 600082",044 2671 1820,",sdcvv72@hotmail.com,","13.122634,80.2221222"
ST. JOSEPH'S MATRICUlATION HIGHER SECONDARY SCHOOL [SJMHSS],School,Chennai,"#22, MUTHUKUMARAN NAGAR, ST. JOSEPH'S TOWN, POONAMALLE,CHENNAI ? 600 056",,"sjmhsschool1@gmail.com,,stjosematricmgu@rediffmail.com,info@josephs.com,stjosephmhss1981@gmail.com,stjoseph.mmngr@gmail.com,stjosephbuttroad@gmail.com,","13.3261734,71.7632786"
DELHI PUBLIC SCHOOL [DPS],School,Chennai,"UNIWORLD CITY, C/O UNITECH LIMITED, MALROJAPURAM, NELLIKUPPUM ROAD, NALLAMBAKKAM, POST, CHENNAI - 6000127",,",x3ehrdc.dps@gmail.com,principal@north.dpsbangalore.edu.in,hrdc.dps@gmail.com,dpseok@dpsrkp.net,xxxx@dpsudaipur.com,","20.377618,73.2417586"
SHERWOOD HALL SR SEC SCHOOL [SHSSS],School,Chennai,"7, 13th Ave, Harrington Rd, Chetpet, Chennai, Tamil Nadu 600031",044 2836 5361,"sherwoodhall@hotmail.com,,sherwoodhallcbseschool@gmail.com,dineshdevika@yahoo.com,","13.0710751,80.2354408"
KENDRIYA VIDYALAYA [KV],School,Chennai,"GILL NAGAR ?CHENNAI TAMIL NADU, 600094",,",kvsrochennaiadmn@gmail.com,ppl.avadiafs@kvs.gov.in,kvigch2@yahoo.co.in,","18.4760581,73.8698087"
Bharathi Vidyalaya Senior Secondary School [BVSSS],School,Chennai,"721, Sholinganullur Medavakkam High Road, Cheran Nagar, Perumbakkam, 964, VGP Prabhu Nagar, Medavakkam, Chennai, Tamil Nadu 600100",044 2277 1044,",bharathividyalaya_bv@yahoo.co,bharathividyalaya_bv@yahoo.co.in,","12.9085302,80.2011021"
Don Bosco Highers Secondary School [DBHSS],School,Chennai,"Perambur, Chennai - 600011.",,",ENQUIRY@DBHS.EDU.IN,donboscoperambur@gmail.com,dbschool@dbegmore.com,schooloffice@dbhsspanjim.edu.in,donboscoerukkanchery118@gmail.com,principal@dbhsspanjim.edu.in,stmarys@donboscochennai.org,","18.5527377,73.8906235"
SINDHI MODEL SENIOR SECONDARY SCHOOL [SMSSS],School,Chennai,"Sindhi Model Senior Secondary School, 1, Damodharan St, Kellys, Davidpuram, Kilpauk, Chennai, Tamil Nadu 600010",,",sindhimodelschool@yahoo.com,admin@sindhimodel.in,","13.085225,80.2415691"
JAIGOPAL GARODIA V VIDYALAYA [JGHV],School,Chennai,"4455+6CX, Poonamallee - Avadi High Rd, Vivekananda Nagar,, Avadi, Tamil Nadu 600054",088070 13463,",u003djgvvan@gmail.com,jgvvavadi54@gmail.com,jgvvan@gmail.com,jgvppt@gmail.com,","13.1081257,80.1060474"
LALCHAND MILAPCHAND DADHA SCHOOL [LMDS],School,Chennai,"17/6, Krishnapuram St, Krishnapuram, Choolaimedu, Chennai, Tamil Nadu 600094",,",principal.lmdss@gmail.com,","13.0600516,80.2265179"
SMT K N SHAH & P.M CHETTY V VIDYALAY [SKNSPCVV],School,Chennai,"125, Thulasingam St, Chinnaiyan Colony, Perambur, Chennai, Tamil Nadu 600011",044 2345 2124,,"13.113442,80.2446792"
ZION MATRICULATION. HR. SEC. SCHOOL [ZMHSS],School,Chennai,"IAF Rd, Ranganatha Nagar, Natraj Nagar, Indira Nagar, Selaiyur, Chennai, Tamil Nadu 600073",044 2229 0665,",hr@zionschool.ac.in,admissions@zionschool.ac.in,chairman-office@zionschool.ac.in,","12.9120886,80.1423528"
PON VIDYASHRAM [PV],School,Chennai,"PORUR MAXWORTH NAGAR PHASE II, MUGALIVAKKAM, KOLAPPAKAM, CHENNAI 602101, 602101",,"principalvvm@ponvidyashram.in,info@ponvidyashram.in,ponvidyashram@vsnl.net,,","12.9806066,80.1176144"
Bharath Sr Sec School [BSSS],School,Chennai,"10, Kamaraj Ave 2nd St, Baktavatsalm Nagar, Adyar, Chennai, Tamil Nadu 600020",044 2441 3051,",bharathschool@hotmail.com,bharathdass@gmail.com,premshantha50@gmail.com,","13.0017769,80.2532807"
SETHU BHASKARA MATRICULATION HIGHER SECONDARY SCHOOL [SBMHSS],School,Chennai,"59, Valliammal St, S V Nagar, Banu Nagar West, Ambattur, Chennai, Tamil Nadu 600053",044 2658 2250,"sethubhaskara@gmail.com,,n@gmail.com,","13.1302864,80.1543779"
JAIN VIDYA ASHRAM [JVA],School,Chennai,"Jain temple 150, Othavadai Street, near Kesarwadi, Puzhal, Chennai, Tamil Nadu 600066",044 2659 0111,"jainvidyaashrampuzhal@gmail.com,jainvidyaashram@gmail.com,jayveehs1946@gmail.com,,","13.1639523,80.2065288"
Kavi Barathi Vidyalaya [kbv],School,Chennai,665 T H ROAD CHENNAI 600019,,",life-@-school.jpg,kavibharathi@gmail.com,meena.kavibharathi@gmail.com,","13.1701831,80.3023866"
Blossom public school [BPS],School,Chennai,"KEELAVASTHA CHAVADY, PATTUIKOTTAI ROAD, 614904
",094423 44714,",principal@jspmbps.edu.in,blossoms@theblossoms.school,principal@jspmbpsn.edu.in,","18.4757775,73.5813569"
SANA MODEL SCHOOL [SMS],School,Chennai,"4, 122, Mount Poonamallee Rd, Goparasa Nallur, Kattupakkam, Chennai, Tamil Nadu 600056",,",principal@sanamodelschool.com,suggestions@sanamodelschool.com,admission@sanamodelschool.com,vp@sanamodelschool.com,info@sanamodelschool.com,","13.0483368,80.1199924"
THIRUTHANGAL NADAR VIDHYALAYA [TNV],School,Chennai,"1051, Thiruvottiyur High Rd, Thangal, Rajakadai, Tiruvottiyur, Chennai, Tamil Nadu 600019",044 2599 3131,",u003ethinaarschool@yahoo.com,thinaarschool@rediffmail.com,thinaarschool@yahoo.com,Sethuchem12@gmail.com,","13.1476806,80.2957232"
EBENEZER MARCUS INTERNATIONAL SCHOOL & JUNIOR COLLEGE [EMISAJC],School,Chennai,"Daniel Street, Pudur, Pudur, 2, Kubaera Vinayagar St, Banu Nagar West, Ambattur, Chennai, Tamil Nadu 600053",044 2658 1142,,"13.1317434,80.1554856"
SHRINE VAILANKANNI SR SEC SCHOOL [SVSSS],School,Chennai,"9, Dhandapani St, T. Nagar, Chennai, Tamil Nadu 600017",044 2434 4479,"info@vailankanni.org,,thanga@vsnl.com,x3einfo@vailankanni.org,","13.0380856,80.2318105"
APEX PON VIDYASHRAM [APV],School,Chennai,"Sapthagiri Nagar, Arcot Rd, behind Saravana Bhavan, Opposite ARS Garden, Valasaravakkam, Chennai, Tamil Nadu 600087",,"principalvvm@ponvidyashram.in,info@ponvidyashram.in,ponvelachery@gmail.com,,","13.0367069,80.1665032"
ST. BEDE'S ANGLO INDIAN HIGHER SECONDARY SCHOOL [SBAIHSS],School,Chennai,"37, Santhome High Rd, Santhome, Chennai, Tamil Nadu 600004",,",x3einfo@st-bedes.surrey.sch.uk,n@gmail.com,theschool.kfi.chennai@gmail.com,admission@stbedeschennai.org,info@st-bedes.surrey.sch.uk,","13.0344869,80.2756038"
MAHARISHI SCHOOL OF EXCELLENCE [MSOE],School,Chennai,"Maharishi School Of Excellence, P.T, C. Colony, Pallavan Nagar, Thiruverkadu, Chennai, Tamil Nadu 600077",044 2680 1616,",mvmchen@gmail.com,maharishierode@gmail.com,msechennai@mssmail.org,mvm.htss1889@gmail.com,","13.0721469,80.1260113"
SRI SARADA SECONDARY SCHOOL [SSSS],School,Chennai,"3, Eswaran Koil St, RE Nagar, West Mambalam, Chennai, Tamil Nadu 600033",,",u003eprincipal@sunshinesrisarada.in,info@sunshinesrisarada.in,principal@sunshinesrisarada.in,malathyravi154@gmail.com,srkmsaradamodel@gmail.com,srisarada.school@gmail.com,sscedn@gmail.com,","13.0315784,80.1531417"
SIR MUTHA SCHOOL [SMS],School,Chennai,"SHENSTONE PARK, 7, Harrington Rd, Chetpet, Chennai, Tamil Nadu 600031",044 4313 2444,",info@sirmuthaschool.edu.in,ssm@smvrch.com,sir.mutha@gmail.com,sirmuthaschool@gmail.com,","13.0689215,80.2359406"
ANNA ADARSH MATRICULATION HIGHER SECONDARY SCHOOL [AAMHSS],School,Chennai,"5042-A, 9th Main Road, Annanagar, Near Blue Star Bus Stop, Chennai, Tamil Nadu 600040",074012 91915,",admissions@annaadarsh.school,info@socialexams.com,annaadarsh2008@gmail.com,","13.0800052,80.2071987"
Sishya [S],School,Chennai,"New 2, 2nd St, Padmanabha Nagar, Chennai, Tamil Nadu 600020",,",sishya@sishya.com,","13.0052046,80.2564024"
JAYA JAYA SANKARA INT. SCHOOL [JJSIS],School,Chennai,"3/495, Bangalore Highway, Nazarathpet, Chennai, Tamil Nadu 600123",044 2649 0151,"jjsis2001@yahoo.co,jjsis2001@yahoo.co.in,,","13.0461305,80.0716418"
CSI EWART MATRICULATION HIGHER SECONDARY SCHOOL [CEMHSS],School,Chennai,"NO.93,DR ALAGAPPA CHETTIAR ROAD, PURASAWALKAM, CHENNAI, TAMIL NADU, INDIA 600084",,",ewartprincipal@gmail.com,ewartseed@eth.net,ewartglobalschool@gmail.com,","13.0474733,80.0442012"
BETHEL MATRICULATION HIGHER SECONDARY SCHOOL [BMHSS],School,Chennai,"NO:15, SARATHY NAGAR, 2ND STREET, VELACHERY, CHENNAI 600042",,",bethelschool42@yahoo.co.in,bethel@bethel.co.in,","12.4824803,77.6910465"
SRI SANKARA VIDYALAYA MATRICULATION HIGHER SECONDARY SCHOOL [SSVMHSS],School,Chennai,"OLD NO 162 NEW NO 539, VELACHERY MAIN ROAD, TAMBARAM EAST, CHENNAI - 600059, NEAR MADRAS CHRISTIAN COLLEGE",,",connect@ssvkschool.com,tvr_sanv@yahoo.com,school@ssvtr.in,info@srisankaramatric.com,","12.9230667,80.1296996"
NALLI KUPPUSWAMY VIV. VIDYALAYA [NKVV],School,Chennai,"11th Street, TNHB Colony, Korattur, TNHB Colony, Chennai, Tamil Nadu 600080",044 4286 6122,",drnkvv@gmail.com,nsridhar1954@gmail.com,","13.1059241,80.1807698"
B.V.M. Global [BVMG],School,Chennai,"No. 144, Corporation Road, Seevaram, Perungudi Village, Chennai-600096, Sholinganalur Taluk, Kancheepuram Dist. ,600096",,",admissions_prn@bvmglobal.org,","15.4319958,70.1376697"
SRI BALA VIDYALAYA SCHOOL [SBVS],School,Chennai,"MADHAVARAM HIGH ROAD, SHANTHI NAGAR, PERAMBUR, 600011",044 4855 2872,",sbvschools@gmail.com,","13.119281,80.2387472"
Dawn School [DS],School,Chennai,"ANDAL AMMAL (EXTN) STREET, NOLAMBUR, MOGAPPAIR WEST, 600095
",,",dawn1cbse@gmail.com,avcommunique2@yahoo.com,principal.shikshalaya@gmail.com,dawn.shikshalaya.school@gmail.com,dawninfo2013@gmail.com,","18.4760447,73.8286071"
KENDRIYA VIDYALAYA [KV],School,Chennai,"ORDNANCE CLOTHING FACTORY AVADI  CHENNAI TAMIL NADU, 600054",,",kvsrochennaiadmn@gmail.com,ppl.avadiafs@kvs.gov.in,kvigch2@yahoo.co.in,","18.4760581,73.8698087"
MAHATMA GANDHI VIDYALAYA [MGVBORVT],School,Chennai,"dakshin bharat hindi prachar sabha, Tamil Nadu 600017",044 2434 5486,",principal@mahatmagandhividyalaya.org,","13.0352589,80.2369071"
KALAIMAGAL VIDYALAYA HIGH SCHOOL [KVHS],School,Chennai,"424, Surya Narayana St, Pan Rajarathnam Nagar, Royapuram, Chennai, Tamil Nadu 600013",,",kalaimagalviddyalaya@yahoo.com,kvmmhss@yahoo.in,pkvmmhss@gamil.com,","13.1181535,80.2902662"
SRI VENKATESWARA VIDHYALAYA [SVV],School,Chennai,"R-80, AMBATTUR PHASE I & II, TNHB, AYAPAKKAM, CHENNAI-600077",,",svisgobi11@gmail.com,srivenkateswaravidhyalaya@gmail.com,hs@svvinstitutions.org,principal@srivenkateswaravidhyalaya.org,sri.venkateswara.school@gmail.com,srivenkateswaraschoolssvgs@gmail.com,","12.2900471,77.1524762"
SRI SANKARA VIDYASHRAMAM MATRICULATION HIGHER SECONDARY SCHOOL [SSVMHSS],School,Chennai,"1, South Ave, Kamaraj Nagar, Thiruvanmiyur, Chennai, Tamil Nadu 600041",044 2448 8672,",school@ssvtr.in,info@srisankaramatric.com,tvr_sanv@yahoo.com,","12.985369,80.2544746"
ORDNANCE CLOTHING FACTORY SCHOOL [OCFS],School,Chennai,"Madras, Bhaktavatsala Puram, Avadi, Tamil Nadu 600054",044 2638 0709,",ocfschool@rediffmail.com,jvsss@yahoo.com,","13.1244119,80.0973574"
KENDRIYA VIDYALAYA [KV],School,Chennai,"9/5, 5TH STREET, GANDHI NAGAR, THIRUVANNAMALAI, TAMIL NADU-606601, 606601


",,",kvsrochennaiadmn@gmail.com,ppl.avadiafs@kvs.gov.in,kvigch2@yahoo.co.in,","18.4760581,73.8698087"
G R THANGAMALIGAI MAHALAKSHMI V VIDY [GRTMVV],School,Chennai,"270 Block, Manali New Town, Chennai, Tamil Nadu 600103",044 2593 1512,"grtmvv@yahoo.co.in,,s.ponpandian1965@gmail.com,","13.2008854,80.2755577"
"Good Shepherd, Matriculation, Higher, Secondary School [GSMHSS]",School,Chennai,"32,College Road, Chennai-600 034, Tamil Nadu",,",gsnursery@gsmhss.org,n@gmail.com,gsjs@gsmhss.org,gms_pollachi@yahoo.co.in,gsmhss@gmail.com,support@isky.in,u003egsmhss@gmail.com,goodshepherd@gmail.com,","10.6309549,76.1889123"
VIDYODAYA MATRICULATION ACADEMY GIRLS HIGHER SECONDARY SCHOOL [VMAGHSS],School,Chennai,"No.1, Thirumalai Pillai Rd, Gangai Karai Puram, T. Nagar, Chennai, Tamil Nadu 600017",044 2834 3722,",vidyodaya.vghss@gmail.com,vidyodayaschoolssociety@yahoo.com,vidyodayamatricschool@gmail.com,vidyodayaschool90@gmail.com,","13.0510898,80.2380905"
St. Patrick's High School [SPHS],School,Chennai,Gandhi Nagar Adyar Chennai-600 020,,",school_patricks@yahoo.co.in,patricksicse@gmail.com,Patrick.High@ocsb.ca,sphs1911@gmail.com,","17.9563169,73.5581177"
Doveton Boys' Higher Secondary School [DBHSS],School,Chennai,"1, Ritherdon Rd, Vepery, Purasaiwakkam, Chennai, Tamil Nadu 600007",044 2532 2377,",head@tn019cisce.org,dovetonboys@yahoo.co.in,dovetonboys@dovetongroup.com,","13.0863624,80.2563313"
RESERVE BANK STAFF QUARTERS SCHOOL [RBSQS],School,Chennai,"7th Avenue, Mahatma Gandhi Rd, Besant Nagar, Chennai, Tamil Nadu 600090",094999 47600,"rbsqschool@yahoo.co.in,,rbsqschool2@gmail.com,kanakarangan@gmail.com,","12.9967125,80.2635325"
ROSARY MATRICULATION HIGHER SECONDARY SCHOOL [RMHSS],School,Chennai,"11, Papanasam Sivan Salai, Kangayarpuram, Basha Garden, Mylapore, Chennai, Tamil Nadu 600004",044 2498 3617,",n@yahoo.com,rosarymatriculation@yahoo.com,","13.0354506,80.2735822"
VAELS International School [VIS],School,Chennai,"Pon Vidhyashram Gardens, Off, SH 49, off State Highway 49, Injambakkam, Chennai, Tamil Nadu 600115",097909 57622,",admissions@vischennai.ac.in,shivashankari@vaelsinternationalschool.com,enquiry@vischennai.ac.in,","12.9191105,80.2458895"
KENDRIYA VIDYALAYA [KV],School,Chennai,"D G Q A COMPLEX PAZHAVANTHANGAL CHENNAI TAMIL NADU, 600114",,",kvsrochennaiadmn@gmail.com,ppl.avadiafs@kvs.gov.in,kvigch2@yahoo.co.in,","18.4760581,73.8698087"
CHATHRAPATHY SHIVAJI D A V SCHOOL [CSDAVS],School,Chennai,"New No: 29, Old No: 13, Circular Rd, United India Colony, Kodambakkam, Chennai, Tamil Nadu 600024",044 2484 1783,",csdavcsdav@gmail.com,x22csdavcsdav@gmail.com,csdavschool@yahoo.co.in,x3ecsdavcsdav@gmail.com,jaysam@ciarpro.com,","13.0529428,80.2223675"
PEACE ON GREEN EARTH PUBLIC SCHOOL [POGEPS],School,Chennai,"C/15, Manikandan Nagar Main Rd, Kollachery, Tiruneermalai, Chennai, Tamil Nadu 600069",095661 50006,",peaceongreenearth@gmail.com,peaceongreen@gmail.com,info@vmhss.org,","12.9840591,80.1140972"
VIJAYANTHA SR SEC SCHOOL [VSSS],School,Chennai,"44J4+34W, HVF Estate, Avadi, Tamil Nadu 600062",,",educationvijayanta@yahoo.com,vijayantamodel@gmail.com,","13.1302392,80.1027388"
Navadisha Montessori School [NMS],School,Chennai,"bus stand, 3rd Cross Street Vijayanagar, Kalki Nagar Main Rd, Velachery, Chennai, Tamil Nadu 600042",098846 69104,",course@navadisha.org,","12.975213,80.2073604"
SRI SUSHWANI MATHA JAIN VIDYALAYA [SSMJV],School,Chennai,"#11 KUTTI THAMBIRAN STREET, PULIANTHOPE, 600012",,"n.vijayalakshmi31@yahoo.in,,info@ssmjv.in,","13.1009959,80.2618244"
Boaz Public School [BPS],School,Chennai,"277, Velachery Tambaram Main Rd, Gowrivakkam, Chennai, Tamil Nadu 600073",044 2278 0083,",u003email@boazpublicschool.com,correspondent@boazpublicschool.com,principal@boazpublicschool.com,boaz_publicschool@yahoo.co.in,mail@boazpublicschool.com,","12.9213816,80.1627628"
Doveton Girls' Higher Secondary School [DGHSS],School,Chennai,"12/25, Ritherdon Rd, Vepery, Periyamet, Chennai, Tamil Nadu 600007",044 2532 5619,"dovetongirls@dovetongroup.com,,dovetongirls@yahoo.com,","13.0859447,80.2563159"
Seventh Day Adventist Higher Secondary School [SDAHSS],School,Chennai,"16, Valliammal Road Vepery Chennai-600 007",,"sdahss.contact@gmail.com,,sdaschoolkdm@gmail.com,sdakaloor@gmail.com,sdavepery@yahoo.in,","19.8276024,71.3225343"
DAYASADAN AGARWAL VIDYALAYA [DAV],School,Chennai,"127, Poonamallee High Rd, Sentamil Nagar, Maduravoyal, Chennai, Tamil Nadu 600107",044 2378 2241,",info@dsav.in,","13.0683169,80.1777104"
The Ashram [TA],School,Chennai,110 Velachery Road Guindy Chennai-600 032,,",ashramtassc05@yahoo.in,ashramguindy@yahoo.co.in,dawochn@gmail.com,","18.5964999,73.8538606"
NPS International Chennai [NIC],School,Chennai,"CAMPUS, 439, Embassy Residency Rd, adjacent to GLENEAGLES GLOBAL HEALTH CITY, Cheran Nagar, Perumbakkam, Chennai, Tamil Nadu 600100",044 2838 2016,",npsomr@gmail.com,drcurd@tn.nic.in,info@npschennai.com,npsomrhr@gmail.com,sugandh.cbse@gmail.com,sboajc@md3.vsnl.net.in,","12.8980258,80.2051467"
Madras University [MU],School,Chennai,chennai,,",idedirector@gmail.com,idedirector@unom.ac.in,002@tnmgrmu.ac.in,ugcascuom@yahoo.com,001@tnmgrmu.ac.in,003@tnmgrmu.ac.in,","16.0033467,71.2643"
NAAHAR PUBLIC SCHOOL [NPS],School,Chennai,"NH 45, CHENNAI MAIN ROAD, AYYUR AGARAM,, 605601
",,",info@naaharpublicschool.com,","15.1457398,71.7614096"
SHREE NIKETAN PATASALA [SNPS],School,Chennai,"VANDALUR-WALAJABAD ROAD-URAPAKKAM LINK RD, MANNIVAKKAM, TAMIL NADU 600048",,",x3einfo_patasala@shreeniketanschools.org,info_patasala@shreeniketanschools.org,","13.013592,79.8514707"
FATHIMA CENTRAL SENIOR SECONDARY SCHOOL [FCSSS],School,Chennai,"4, Police Ln, Industrial Area, Saidapet, Chennai, Tamil Nadu 600015",044 2381 0627,",contact@fathimaschool.com,","13.020035,80.2194304"
METRO ENGLISH MEDIUM SCHOOL [MEMS],School,Chennai,"1A, 19A, Vellalar St, Ganga Nagar, Kodambakkam, POWERHOUSE, Chennai, Tamil Nadu 600024",044 2484 3365,,"13.0533314,80.2178731"
The Grove School [TGS],School,Chennai,"27Q4+65V, Eldams Rd, Vannia Teynampet, Venus Colony, Teynampet, Chennai, Tamil Nadu 600018",044 4957 2820,"prabaraman@gmail.com,,thegroveschool@gmail.com,","13.0381301,80.2528323"
KENDRIYA VIDYALAYA OCF AVADI [KVOA],School,Chennai,"Bhaktavatsala Puram, Avadi, Tamil Nadu 600054",044 2638 5869,",ppl.avadiocf@kvs.gov.in,sumukusami@gmail.com,","13.1237419,80.0981856"
Chettinad Hari Shree Vidyalayam Nursery and Primary School [CHSVNAPS],School,Chennai,"20, Srinivasa Ave Rd, Ramakrishna Nagar, Raja Annamalai Puram, Chennai, Tamil Nadu 600028",044 2461 5254,",mailus@sigapiillam.org,mailus@harishree.org,","13.0227035,80.2581865"
Ramachandraa Public School [RPS],School,Chennai,"Kalyani St, Valmiki Nagar, Kalyani Nagar, Lakshman Perumal Nagar, Chennai, Tamil Nadu 600041",044 2451 4088,"rpschennai@yahoo.com,,","12.9722345,80.2599804"
St. Augustine School [SAS],School,Chennai,Rajaratnam 1st Street Narmadha Nagar Ullagram Chennai-600 091,,",principal@saskalimpong.com,St.Augustine@gscs.ca,admin@sasyorks.org,sasvasai.principal@gmail.com,St.Augustine_H@gscs.ca,office@staca.org.uk,","19.6302035,69.9875068"
Primrose Schools [PS],School,Chennai,"1/367, ECR Main Road, Injambakkam, Chennai, Tamil Nadu 600115",044 2453 0248,",primrosechennai@gmail.com,inquiry@primroseschools.in,","12.9097504,80.2472817"
AIR FORCE SCHOOL AVADI  [AFSA],School,Chennai,"Air Force Station, Avadi, Pattabiram, Tamil Nadu 600055",044 2684 2045,"afschooltambaram@gmail.com,,afschoolavadi@gmail.com,laddooz@gmail.com,","13.1414066,80.0617419"
RAJA DESING PUBLIC SCHOOL [RDPS],School,Chennai,"Vallam S.O, NH-66, Pondy-VBangalore Road, Kalaiyur, Nattarmangalam, Tamil Nadu 604206",04145 235 235,",rdpublicschool@ymail.com,selvaranisophia1977@gmail.com,","12.2598748,79.4955425"
SHRI GORANTLA RAMALINGAIAH VIVEKANANDA VIDYALAYA [SGRVV],School,Chennai,"Thatchur Koot Road, Panjetty, 601204",044 2797 5040,",sgrvv2002@gmail.com,victoryvenkateswara@gmail.com,","13.3428651,80.0561577"
KENDRIYA VIDYALAYA [KV],School,Chennai,"SRINIVASA NAGAR, PANANGADI ROAD, SIVAGANGA, TAMILNADU, 630561
",,",kvsrochennaiadmn@gmail.com,ppl.avadiafs@kvs.gov.in,kvigch2@yahoo.co.in,","18.4760581,73.8698087"
ABACUS Montessori School [AMS],School,Chennai,"3, Thirumalai Nagar Annexe III Main Road, Phase-2, Thirumalai Nagar Annexe, Perungudi, Chennai, Tamil Nadu 600096",044 2496 0904,",info@amsarch.ac.in,abacusmontessorischool@gmail.com,","12.958556,80.239885"
LITTLE FLOWER MATRICULATION HIGHER SECONDARY SCHOOL [LFMHSS],School,Chennai,"Manickam Nagar, Kunrathur, Ch-600069",,",admin@littleflowerckm.com,","13.0324326,80.2143698"
Dominic Savio Matriculation Hr. Sec. School [DS],School,Chennai,"No: 154, Santhome High Road, Chennai-600 004",,",dominicsaviosanthome@gmail.com,ndominicsaviosanthome@gmail.com,dominicsaviosanchont@gmail.com,","19.1264649,72.8613851"
Annai Violet Matriculation & Higher Secondary School [AVM],School,Chennai,"7, Violet Matriculation School Anna Nagar, Vaidhyalingam Salai, Sudha Avenue, Chitlapakkam, Chennai, Tamil Nadu 600064",044 2223 4170,,"12.9301543,80.1393976"
SHRI NATESAN VIDYASALA MATRICULATION HIGHER SECONDARY SCHOOL [SNVMHSS],School,Chennai,"Mudichur Rd, Mannivakkam, Tamil Nadu 600048",044 2276 0267,",natesanschool@gmail.com,","12.9012276,80.0588131"
NSN Matriculation Higher Secondary School [NMHSS],School,Chennai,"29, Dr Rajendra Prasad Rd, Nehru Nagar, Chromepet, Chennai, Tamil Nadu 600044",,",n@gmail.com,nsnschoolcpt@gmail.com,","12.9428808,80.1391239"
UNION CHRISTIAN MATRICULATION HIGHER SECONDARY SCHOOL [UCMHSSTN],School,Chennai,"33, Nowroji Rd, Chetpet, Chennai, Tamil Nadu 600031",073051 75551,"info@ucpschennai.com,,unionchristschool@gmail.com,","13.073001,80.2331315"
REVOOR PADMANABHA CHETTY MATRICULATION HIGHER SECONDARY SCHOOL [RPC],School,Chennai,"718, THIRUVOTTIYUR HIGH RD, TIRU NAGAR, TIRUVOTTIYUR, CHENNAI, TAMIL NADU 600019",,",rpcmatricschool@yahoo.com,","13.1600391,80.2914535"
N.S.N.MATRICULATION.HIGHER.SEC.SCHOOL [],School,Chennai,"29, Dr Rajendra Prasad Rd, Nehru Nagar, Chromepet, Chennai, Tamil Nadu 600044",044 2223 1752,",nsnschoolcpt@gmail.com,","12.942886,80.1391239"
Angels Babyland Matric.Hr.Sec School [ABMS],School,Chennai,"No. 23, Ennore High Rd, Sundaram Pillai Nagar, Tondiarpet, Chennai, Tamil Nadu 600081",044 2592 3037,",info@socialexams.com,","13.1291379,80.2763929"
VIDYA RATNA PTS MATRICULATION HIGHER SECONDARY SCHOOL [VRPMHSS],School,Chennai,"2-Al,Behind Adayar Telephone Exchange,, 1st Cross St, Shastri Nagar, Adyar, Chennai, Tamil Nadu 600020",044 2490 2406,"vrptsresumes@gmail.com,,","13.0003107,80.255759"
