Name,Sector,City,Address,Phone,Email,Lat-Long
Absolute Fitness - Kalkaji - New Delhi,Gym,New Delhi,"E189, Shyam Sunder Malhotra Marg, Block E, Kalkaji, New Delhi, Delhi 110019",098180 70636,",gagan.fx@gmail.com,absolutefitnessindia@gmail.com,","28.5445571,77.2516206"
Zone 57 - Vasant Vihar - New Delhi,Gym,New Delhi,"New, 61, Basant Lok Community Center, Near PVR Priya, Vasant Vihar, New Delhi, Delhi 110057",+91-9333333757,",fmo@nic.in,","28.5574836,77.1534398"
Yes Gym and Fitness Centre - Dwarka - New Delhi,Gym,New Delhi,"B-17, Mansa Ram Park, Opposite Metro Pillar No 750, Uttam Nagar, Dwarka, New Delhi 110059, DL",+91-9210490670,",manager@centraldynamics.in,rkfitnessdwarka@gmail.com,","28.5851441,77.011496"
Yes Fitness :Gym and Aerobics Studio - Safdarjung Enclave - New Delhi,Gym,New Delhi,"A 2, 8, Africa Ave, Block A 2, Safdarjung Enclave, New Delhi, Delhi 110029",098100 42482,"info@yesfitness.co,,","28.5674036,77.1793996"
Y3 Fitness - Rajouri Garden - New Delhi,Gym,New Delhi,"WZ-106/141, Near Cambridge School, Road No 28, Rajouri Garden, New Delhi 110027, DL",+91-9899310036,",delhi.rajourigarden@goldsgym.in,","28.6472321,77.112677"
Xception Gym And Spa - Pitampura - New Delhi,Gym,New Delhi,"Xception Gym & Spa, Block GP, Poorvi, Hotel City Park Road, Pitampura, New Delhi 110034, DL",+91-11-47049113,",contact@xceptiion.com,","28.7021951,77.1203969"
Workout Studio - Malviya Nagar - New Delhi,Gym,New Delhi,"C-51, 3rd Floor, Near Laxminarayan Mandir, Main Market Road, Malviya Nagar, New Delhi 110017, DL",+91-11-41731111,",fitnessprimegym@gmail.com,","28.5344177,77.20676"
Vivafit - Greater Kailash 2 - New Delhi,Gym,New Delhi,"E-597, 1st Floor, Gurdwara Road, Greater Kailash 2, New Delhi 110048, DL",+91-9953757388,,"28.553403,77.1941292"
Victory Gym - Dwarka - New Delhi,Gym,New Delhi,"METRO PILLAR NO, Shop No.B-7 Main Kakrola Road Patel Garden, Dwarka, 787, More, dwarka mor, New Delhi, Delhi 110078",097166 51990,"coscofitness974@gmail.com,,contact@fitarrow.com,","28.618436,77.0204847"
Victorious Gym - Anand Vihar - New Delhi,Gym,New Delhi,"M846+M45, Ram Vihar, Anand Vihar, Delhi, 110092",+91-9899283313,",varunkhurana110@gmail.com,","28.6566426,77.3000722"
VFC Gym And Spa - Dwarka - New Delhi,Gym,New Delhi,"H373+WJP, Dwarka Phase 1, Sector 23, Dwarka, New Delhi, Delhi, 110077",,",theimperialspa@theimperialindia.com,rkfitnessdwarka@gmail.com,","28.5648258,77.0437803"
Versatile Dance Academy - Dwarka - New Delhi,Gym,New Delhi,"Rising Stars Junior School, Pocket 1, Sector 10 Dwarka, Dwarka, New Delhi, Delhi, 110075",099997 53344,"admissions@paramountschool.in,,versatiledance@gmail.com,info@paramountschool.in,","28.5881506,77.0471532"
UP :The Sports And Training Facility - Hauz Khas - New Delhi,Gym,New Delhi,"E-13, 2nd Floor, Near Dr. Dang Clinic, Hauz Khas, New Delhi 110016, DL",,",info@iitd.ac.in,fmo@nic.in,goawgzup@gmail.com,","28.5514818,76.4898676"
Unique One health and Fitness - Cr Park - New Delhi,Gym,New Delhi,Send to your phone,+91-9910320528,",rahul@thegym.in,","14.5146934,34.9762924"
Ultimate MMA and Fitness Zone - Janakpuri - New Delhi,Gym,New Delhi,"11/22, Block No 2, Double S Storey, Opposite Vishal Mega Mart, Shivaji Marg, Tilak Nagar, Janakpuri, New Delhi 110058, DL",+91-9818543812,,"28.6196035,77.0794286"
UFS Gym Ultimate Fitness Studio - Malviya Nagar - New Delhi,Gym,New Delhi,"C 81, Malviya Nagar, New Delhi, Delhi 110017",011 4652 0111,,"28.5368691,77.2000324"
Turnsteps Workout Studio - Rajouri Garden - New Delhi,Gym,New Delhi,"E-224, Tagore Garden, Block H, Janta Colony, Tagore Garden Extension, New Delhi, Delhi, 110027",098183 78727,",delhi.rajourigarden@goldsgym.in,","28.6594546,77.1076852"
Trzan Fitness Studio - Patel Nagar - New Delhi,Gym,New Delhi,"12/20, Main market, East Patel Nagar, New Delhi, 110008",096432 30991,,"28.6445186,77.1634122"
True Gym and Spa - Shalimar Bagh - New Delhi,Gym,New Delhi,"AE61 BASEMENT, near AD Market, West Shalimar Bagh, Shalimar Bagh, Delhi, 110088",011 4756 3017,,"28.707718,77.1574086"
Transform Gym - Greater Kailash 1 - New Delhi,Gym,New Delhi,"193 basement, Landmark Near barista, S Swaran Singh Bhandari Marg, M Block, Market, Greater Kailash, New Delhi, Delhi 110048",+91-11-46045757,",Id-transformgk16@gmail.com,customercare@gymsforall.in,gk.delhi@goldgymindia.com,fitnessmanzil.info@gmail.com,","28.5505956,77.2239912"
Transform Gym - Saket - New Delhi,Gym,New Delhi,"Rotary Habitat Centre Plot No.53 3rd Floor, Sector - 6, Pushp Vihar, Saket, New Delhi, Delhi 110017",098112 47815,",customercare@gymsforall.in,transform.saket@gmail.com,u003ecustomercare@gymsforall.in,","28.5285866,77.2164552"
Transform Gym - Karol Bagh - New Delhi,Gym,New Delhi,"32-B, 1st Floor, Opposite Pillar No 122, Pusa Road, Karol Bagh, New Delhi 110005, DL",+91-11-46102400,,"28.6501257,77.1711651"
Transform Gym - Gujranwala - New Delhi,Gym,New Delhi,"A-22, 1st & 2nd Floor, Near Volkswagen Showroom, Gujranwala Town, New Delhi 110009, DL",+91-9811247812,",customercare@gymsforall.in,","28.6285071,77.0019789"
Transform Gym - Rajouri Garden - New Delhi,Gym,New Delhi,"C-11, 2nd Floor, Ring Road, Rajouri Garden, New Delhi 110027, DL",+91-9810100209,,"28.6462289,77.1190013"
Trans Fitness - Dilshad Garden - New Delhi,Gym,New Delhi,"488/6, Near Car Market, Gurudwara Road, Dilshad Garden, New Delhi 110095, DL",+91-9711905222,",transfitness.dg@gmail.com,","28.6818044,77.3012332"
Total Training Terminal - Preet Vihar - New Delhi,Gym,New Delhi,"111, New Rajdhani Enclave, Swasthya Vihar, Delhi, 110092",098910 83064,",teamyogi@yahoo.co.in,total-training-terminal-delhi-5rs@b2x8g.html,","28.6431556,77.2818891"
Titanium Fitness - Rohini - New Delhi,Gym,New Delhi,"F/19-8, Maharaja Agrasen Marg, Pocket 19, Sector 8-F, Rohini, New Delhi 110085, DL",+91-9990736969,",titaniumfitnessrohini@gmail.com,youremail@yourdomain.com,","28.7023298,77.1052573"
Three Graces - Vasant Vihar - New Delhi,Gym,New Delhi,"A, Basant Lok Community Centre, Near Holy Angels Hospital, Munirka Marg, Vasant Vihar, New Delhi 110057, DL",+91-9899157891,,"28.627813,77.0074348"
The World's Gym - Saket - New Delhi,Gym,New Delhi,"A/10-4, Anupam Gardan, Sanik Farm, Near The Jungle Cafe, Country Club Road, Saket, New Delhi 110026, DL",+91-9205462460,,"28.5271941,77.1595532"
The Wellness Club Gym And Spa - Vikaspuri - New Delhi,Gym,New Delhi,"F-122, Block F, Vikaspuri, New Delhi, Delhi, 110018",098111 27764,"me@nehaagarwal.in,,Inquiry@wellnessclub.co.in,","28.641704,77.060614"
The Wellness Club Gym And Spa - Dwarka - New Delhi,Gym,New Delhi,"A/4-5, Dashrathpuri, Near Mahavir Enclave, Main Palam Dabri Road, Dwarka, New Delhi 110045, DL",+91-7291994492,",leads@wellnessclub.co.in,","28.6224285,77.0285791"
The Wellness Club Gym And Spa - Janakpuri - New Delhi,Gym,New Delhi,"3rd & 4th Floor, next to hemraj jain hospital, Block C1, Janakpuri, New Delhi, Delhi 110058",072919 91303,,"28.6198519,77.072291"
The Ultimate Fitness - Dwarka - New Delhi,Gym,New Delhi,"Vardhman Mall, 3rd Floor, Near Swastik Pure Veg, Sector 23, Dwarka, New Delhi 110077, DL",+91-9871226358,",theultimatefitnesstuf@gmail.com,rkfitnessdwarka@gmail.com,","28.5806289,77.0272535"
The Ultimate Ace Fitness - Rajouri Garden - New Delhi,Gym,New Delhi,"J 13/55 basement, Rajouri Garden, New Delhi, Delhi 110027",011 4051 5758,,"28.6398411,77.1080977"
The Royal Gym - Laxmi Nagar - New Delhi,Gym,New Delhi,"Mangal Bazar Rd, near by LOVELY PUBLIC SENIOR SECONDARY SCHOOL, Laxmi Nagar, Delhi, 110092",098117 91171,"me@nehaagarwal.in,,","28.6399821,77.2688556"
The Revolution Gym And Spa - Dilshad Garden - New Delhi,Gym,New Delhi,"E-17, near suraksha nurshing home, Block B, Dilshad Colony New Simapuri, Dilshad Colony, Delhi, 110095",098999 10851,,"28.6869444,77.314528"
The Revolution - Dilshad Garden - New Delhi,Gym,New Delhi,"E-17, near suraksha nurshing home, Block B, Dilshad Colony New Simapuri, Dilshad Colony, Delhi, 110095",098999 10851,,"28.6869444,77.314528"
The Resolution Gym - Kamla Nagar - New Delhi,Gym,New Delhi,"D-10, Block D, Kamla Nagar, New Delhi, Delhi, 110007",096508 08529,",nlbn.ss@ndmcmail.gov.in,","28.6817416,77.1900792"
The Quads Gym And Spa - Dwarka - New Delhi,Gym,New Delhi,"225 , Second Floor, B-223/224, Ramphal Chowk Rd, opp. IGNOU Center, Chandar Vihar, Block B, Sector 7 Dwarka, Dwarka, New Delhi, Delhi, 110075",011 4554 2222,",shiv@thegym.in,","28.5862986,77.0609222"
The Power Zone - Lajpat Nagar - New Delhi,Gym,New Delhi,"63, F Block, Lajpat Nagar II, Lajpat Nagar, New Delhi, Delhi 110024",+91-9999155556,,"28.5719736,77.2325752"
The Lalit New Delhi - Connaught Place - New Delhi,Gym,New Delhi,"Fire Brigade Lane, Barakhamba, New Delhi, Delhi 110001",011 4444 7777,",mumresv@thelalit.com,delresv@thelalit.com,","28.6316611,77.2169327"
The inferno Gym - Shakarpur - New Delhi,Gym,New Delhi,"54, Kailassm, Main Market, Near Meet You There Restaurant, Shakarpur, New Delhi 110092, DL",+91-9891269269,"me@nehaagarwal.in,,","28.6291551,77.2719569"
The Hood Dance Academy - Rohini - New Delhi,Gym,New Delhi,"M D City Hospital Electric Room, The Srijan School Plot, North, North Ex Model Town, Phase 3, Azadpur, New Delhi, Delhi, 110009",098115 67344,,"28.7147931,77.1756017"
The Hard Rock Gym - Subhash Nagar - New Delhi,Gym,New Delhi,"WZ-119, Opposite Mata Mandir, Naraina Vihar, Nariana Village Road, Subhash Nagar, New Delhi 110028, DL",+91-9810143855,,"28.618923,76.826456"
The Gym Health Planet - Cr Park - New Delhi,Gym,New Delhi,"D-587, Near Deshbandhu College, Chittranjan Park, New Delhi CR Park, New Delhi 110014, DL",+91-9873331249,",rahul@thegym.in,","28.5374968,77.2407796"
The Gym Health Planet - Rohini - New Delhi,Gym,New Delhi,"8B/10 Basement, Sector 15, Rohini, Delhi, 110085",098111 32031,",Joy.fitnesshub@gmail.com,xfitnessgymrohini@gmail.com,shiv@thegym.in,rahul@thegym.in,","28.7299248,77.122293"
The Gym Health Planet - Dwarka - New Delhi,Gym,New Delhi,"A-41,42 Ramphal Chowk, Near ICICI Bank, Palam Extension, Delhi, 110077",+91-9599434443,",shiv@thegym.in,rahul@thegym.in,","28.5873766,77.0610892"
The Gym Health Planet - Janakpuri - New Delhi,Gym,New Delhi,"B-3/184, Dharam Marg, Block B3, Janakpuri, New Delhi, Delhi, 110058",011 4707 8707,",info@thegym.in,fitnesshour077@gmail.com,shiv@thegym.in,","28.6260391,77.0816176"
The Gym Health Planet - Karol Bagh - New Delhi,Gym,New Delhi,"2C/2, New Rohtak Road Opp Lal Son’s Jewellers adjacent to PNB ATM, near Liberty Cinema, New Delhi, Delhi 110005",098910 16741,",thegymkarolbagh@gmail.com,karolbagh@thegym.in,","28.6607326,77.1770302"
The Gym Health Planet - Vikaspuri - New Delhi,Gym,New Delhi,"Plot No H, Shop No 6, 2, Vikaspuri Rd, opp. Anubhav Banquet, Vikaspuri, Delhi, 110018",011 4702 0802,",membership@thegymgroup.com,","28.6449569,77.068911"
The Gym Health Planet - Patel Nagar - New Delhi,Gym,New Delhi,"6/15, Balraj Khanna Marg, Road, near Metro Station, East Patel Nagar, New Delhi, Delhi 110008",098111 32031,",maneet@thegym.in,","28.6451354,77.1606291"
The Gym Health Planet - Paschim Vihar - New Delhi,Gym,New Delhi,"B-2/6, Near Jwala Heri Market, Paschim Vihar, New Delhi 110063, DL",+91-11-42273611,,"28.6549971,77.092299"
The Gym Health Planet - Model Town - New Delhi,Gym,New Delhi,"H-1, Opposite Metro Pillar No 41, Block H, Ring Road, Model Town, New Delhi 110009, DL",+91-9999665950,",support@gymcompany.co.za,info@anytimefitness.in,","28.7077668,77.1829825"
The Gym Health Planet - Ashok Vihar - New Delhi,Gym,New Delhi,"B-3/3, Lower Ground Floor, Phase 2, Ashok Vihar, New Delhi, Delhi 110052",083760 22221,"kulbhatia@thegym.in,,","28.6926032,77.1639423"
The Gym - Dwarka - New Delhi,Gym,New Delhi,"A-41/42, Ramphal Chowk, Near ICICI Bank, Sector 7, Dwarka, New Delhi 110077, DL",+91-9910539595,",anurag@thegym.in,dwarka.delhi@goldsgym.in,dwarkasec7@thegym.in,membership@thegymgroup.com,rkfitnessdwarka@gmail.com,","28.5894747,76.9690746"
The Fitway Gym - Paschim Vihar - New Delhi,Gym,New Delhi,"M39V+X3R, Bhera Enclave, Paschim Vihar, Delhi, 110087",079999 97447,",pvscdda@yahoo.co.in,","28.6699787,77.082344"
The Fitness Studio - Paschim Vihar - New Delhi,Gym,New Delhi,"A-329, Nilothi, 1st Floor, Near Jainar Hospital, Meera Bagh Road, Paschim Vihar, New Delhi 110087, DL",+91-11-42638280,",joinherfitness@gmail.com,","28.6702712,77.0557467"
The Fitness Hub - Saket - New Delhi,Gym,New Delhi,"E-132, Block E, Saket Road, Saket, New Delhi 110017, DL",+91-9810222973,"sscdda@yahoo.co.in,,hello@cultfit.com,Hello@curefit.com,","28.5336344,77.1177466"
The Fitness Care - Karol Bagh - New Delhi,Gym,New Delhi,"488/5-A, Oppsite Mcd School, Dilshad Garden, Karol Bagh, New Delhi 110095, DL",+91-9899212671,",Joy.fitnesshub@gmail.com,karolbagh@thegym.in,nitin@thegym.in,thegymkarolbagh@gmail.com,","28.652385,77.1509835"
The Fitness Addiction Gym - Uttam Nagar - New Delhi,Gym,New Delhi,"G-12, Kiran Garden, Near Nawada Metro Station, Uttam Nagar, New Delhi 110059, DL",+91-9911118489,,"28.5850358,77.0067967"
The Country Fitness - Shalimar Bagh - New Delhi,Gym,New Delhi,"No-7, Jhulelal Mandir Marg, Block BN, Poorbi Shalimar Bag, Shalimar Bagh, New Delhi, Delhi, 110088",+91-11-47018998,,"28.7126579,77.1487422"
The Club : Complete Fitness Hub - Dwarka - New Delhi,Gym,New Delhi,"H3R4+2VJ, Rd Number 221, Pocket 1, Sector 10 Dwarka, Dwarka, Delhi, 110075",+91-11-33107499,",dsc_dwarka_dda@yahoo.co.in,dsc17@dda.org.in,","28.5900806,77.0468262"
The Championn Gym - Adarsh Nagar - New Delhi,Gym,New Delhi,"11, Near Ratan Devi School, Block BD, East Main Road, Krishna Nagar, New Delhi 110051, DL",+91-8800646455,,"28.6289192,77.0159203"
The Brothers Gym - Krishna Nagar - New Delhi,Gym,New Delhi,"A-5/16, Krishna Nagar Opp. Green Chick Chop, Delhi 110051",073031 61600,,"28.6593646,77.2678129"
The Bodyline Gym - Vasant Kunj - New Delhi,Gym,New Delhi,"158B/2, near Ambiance Tower, Sector A, Pocket B&C, Kishangarh Village, Sector-A, Vasant Kunj, New Delhi, Delhi 110070",097172 76062,,"28.5143379,77.1546798"
The Blue Gym and Crossfit - Rohini - New Delhi,Gym,New Delhi,"New Delhi,, 1, Sector 15, Pocket 4, Sector 15B, Rohini, Delhi, 110089",+91-8860602424,",ijazpismail@breezesports.in,Inquiry@wellnessclub.co,","28.7299842,77.1224059"
TGFD (Thank God For Dance) - Malviya Nagar - New Delhi,Gym,New Delhi,"B, 306, CR Park Main Rd, Block B, Chittaranjan Park, New Delhi, Delhi 110019",088600 69196,",hello@tgfd.in,info@tgfd.in,","28.5427531,77.236244"
Team Core - Rajouri Garden - New Delhi,Gym,New Delhi,"F-86, Shivaji Place, Vishal Enclave, Rajouri Garden, New Delhi, Delhi, 110027",084480 87920,",info@teamcore.club,","28.652639,77.1106229"
Team Core - Karol Bagh - New Delhi,Gym,New Delhi,"25/B, 3rd Floor, Near State Bank Of India, Pusa Road, Block 11, Karol Bagh, New Delhi 110005, DL",+91-9312216120,",u003einfo@teamcore.club,info@teamcore.club,","28.6749364,77.1397057"
TDA Aerobics Studio - Vikaspuri - New Delhi,Gym,New Delhi,"A-33, Opposite NIIT Delhi Vikaspuri Centre, Block A, Guru Virjanand Marg, Vikaspuri, New Delhi 110018, DL",+91-9990099165,,"28.6367238,77.0538559"
TDA Aerobics Studio - Rajouri Garden - New Delhi,Gym,New Delhi,"8/77, Rajouri Garden, New Delhi 110057, DL",+91-9990099404,,"28.6367703,77.0126358"
Tansen Sangeet Mahavidyalaya - Kalkaji - New Delhi,Gym,New Delhi,"F-14, 3rd Floor, Main Road, opp. Khidmat Restaurant, Kalkaji, New Delhi, Delhi 110019",085272 75544,",tansenkalkaji@gmail.com,","28.5416808,77.2442105"
Tangents - Dancilarate Your Passion - Lajpat Nagar - New Delhi,Gym,New Delhi,"E-31-A, Near Hush Puppies, Market Road, Lajpat Nagar, New Delhi 110024, DL",+91-11-33107503,,"26.7132941,44.2482294"
Talent Club - Anand Vihar - New Delhi,Gym,New Delhi,"Sarad Vihar, PNB ATM, Karkardooma, Anand Vihar, Delhi, 110092",092503 15515,",info@21fitnessgym.com,yscdda@yahoo.com,","28.6529209,77.2198843"
Switch Fitness - Lajpat Nagar - New Delhi,Gym,New Delhi,"L-110/111, Block L, part-II, Lajpat Nagar, New Delhi, Delhi 110024",098183 40022,,"28.5682327,77.2369379"
Studio Raas - South Ex Part 1 - New Delhi,Gym,New Delhi,"B3 Block, Block A1, Safdarjung Enclave, New Delhi, Delhi 110029",098994 50239,,"28.5669872,77.1862764"
Studio Prana - Mayur Vihar Phase 1 - New Delhi,Gym,New Delhi,"37, 2nd Floor, Pratap Nagar, Mayur Vihar Phase 1, New Delhi 110091, DL",+91-9810172485,",voyageabsolute@gmail.com,","28.6075808,77.2843277"
Studio Cal Burn Fitness Centre - Janakpuri - New Delhi,Gym,New Delhi,"C-150, Shaheed Mangal Pandey Marg, Nanak Pura, Hari Nagar, New Delhi, Delhi, 110064",098990 33683,,"28.6250342,77.1010432"
Studio Abhyas - Hauz Khas - New Delhi,Gym,New Delhi,"R-17, 1st Floor, Near Shakinaka Restaurant, Hauz Khas, New Delhi 110016, DL",+91-11-33107500,",info@abhyastrust.org,","28.5431142,77.1727996"
Strength Box - Derawal Nagar - New Delhi,Gym,New Delhi,"B-1, Near Model Town Metro Station Gate No 4, Mahatma Gandhi Road, Derawal Nagar, New Delhi 110009, DL",+91-8368674147,,"28.6994921,77.1849551"
Steppers Do The Step - Rajendra Nagar - New Delhi,Gym,New Delhi,"12/2, Block 12, Main Road, Rajendra Nagar, New Delhi 110059, DL",+91-9811887171,,"28.637335,77.1793965"
Star Fitness Gym - Janakpuri - New Delhi,Gym,New Delhi,"upper ground, D2/9, D Block, Janakpuri, New Delhi, Delhi, 110058",+91-9654118613,,"28.6072584,77.0956346"
Stamina Gym - Tilak Nagar - New Delhi,Gym,New Delhi,"BF-2, Harinagar Depot, Jail Road, Tilak Nagar, New Delhi 110018, DL",+91-8178865017,",infostamfit@gmail.com,","28.6361179,77.0835418"
Stamina A Complete Fitness and Wellness Centre - Greater Kailash 1 - New Delhi,Gym,New Delhi,"E-72, Near FabHotel Regalia, E Block, Hansraj Gupta Road, Greater Kailash 1, New Delhi 110048, DL",+91-9773634242,,"28.5529483,77.218613"
SportsFit by MS Dhoni - Adarsh Nagar - New Delhi,Gym,New Delhi,"B-1, 2nd Floor, LIC Building, Panchwathi, Adarsh Nagar, Delhi, 110033",+91-11-33107506,,"28.7152332,77.1623928"
SportsFit by MS Dhoni - Vasant Kunj - New Delhi,Gym,New Delhi,"G5G4+2C4, Sector B Rd, Pocket 7, Sector B, Vasant Kunj, New Delhi, Delhi 110067",+91-11-46000511,,"28.5250155,77.1457852"
Spartan Gym - Mayur Vihar Phase 1 - New Delhi,Gym,New Delhi,"D-1, Acharya Niketan, Mayur Vihar, Phase 1, New Delhi, Delhi 110091",092666 72868,",spartangymspa@gmail.com,","28.6092,77.28365"
Spartaa Fitness - Safdarjung Enclave - New Delhi,Gym,New Delhi,"2nd Floor, 110, Humayunpur, Safdarjung Enclave, New Delhi, Delhi 110029",+91-9650370048,,"28.5616142,77.1834898"
Sparta Gym And Spa - Dwarka - New Delhi,Gym,New Delhi,"Plot No. 84 Gate No. 3, Radisson Blu 85, opp. Hotel, Sector 13, Dwarka, Delhi, 110075",095408 41111,",spartagym@gmail.com,gymspartadwarka13@gmail.com,enquiry@spartagym.in,","28.5971383,77.0261744"
Spa Hibiscus Mayur Vihar - Mayur Vihar Phase 1 - New Delhi,Gym,New Delhi,"Block B, Pratap Nagar, Mayur Vihar, New Delhi, Delhi, 110091",1800 843 8430,",mv@spahibiscusindia.com,","28.6075644,77.2850728"
Snip Fitness - Rohini - New Delhi,Gym,New Delhi,"R G Metro Arcade Complex, Pocket 1, Sector 11, Rohini, New Delhi 110085, DL",+91-9810829889,",info@snipfit.in,","28.7270499,77.0615116"
Sivananda Yoga Vedanta Centre - Greater Kailash 1 - New Delhi,Gym,New Delhi,"A - 41, Block A, Kailash Colony, Greater Kailash, New Delhi, Delhi 110048",088609 54455,,"28.5528423,77.2335441"
Sid Fitness Point - Rajouri Garden - New Delhi,Gym,New Delhi,"Shopping Centre, B-7(Basement, Tagore Garden, Tagore Garden Extension, New Delhi, Delhi 110027",088600 28797,",delhi.rajourigarden@goldsgym.in,","28.645965,77.1022213"
Shvas The Body Architecture - Rajouri Garden - New Delhi,Gym,New Delhi,"F-89, opposite TDI Paragon Mall, Shivaji Place, Vishal Enclave, Rajouri Garden, New Delhi, Delhi, 110027",+91-9968473263,,"28.6524806,77.1103442"
Shvas The Body Architecture - Anand Vihar - New Delhi,Gym,New Delhi,"D-21 Basement Vivek Vihar, near Yamuna Sports Complex, Delhi 110095",088268 77156,",info@21fitnessgym.com,","28.6659954,77.3053068"
Shiva's Gym and Yoga - Shalimar Bagh - New Delhi,Gym,New Delhi,"AE-6, Shaheed Udham Singh Marg, NEAR FORTES HOSPITAL, AE Block, Poorbi Shalimar Bag, Shalimar Bagh, Delhi, 110088",+91-9811073501,",shivaarnold@gmail.com,","28.7083166,77.1565102"
Seven Zone Fitness Destination - Tilak Nagar - New Delhi,Gym,New Delhi,"J3PM+759, wz-36a/3,first floor karishna park extn, Krishna Park, Old Mahavir Nagar, Tilak Nagar, Delhi, 110018",085878 10775,,"28.6355793,77.0725591"
Seven Pillars Gym - Punjabi Bagh - New Delhi,Gym,New Delhi,"Club, Club Rd, Punjabi Bagh, Delhi, 110026",095608 00201,,"28.6660454,77.1210893"
Sehat World Green - Dwarka - New Delhi,Gym,New Delhi,"Sehat World Gym, Sangwan Plaza 2nd floor, Plot No C, 708, NCR, Sector 7 Dwarka, Dwarka, Delhi, 110075",093191 24441,,"28.5852211,77.0577939"
Sehat World - Dwarka - New Delhi,Gym,New Delhi,"Major Bholenath Colony, Block A, Opposite Ranjeet Vihar Phase 2, Sector 23, Dwarka, New Delhi 110075, DL",+91-9599223813,",youremail@yourdomain.com,","28.5734483,77.0387985"
Seema Sondhi - The Yoga Studio - Hauz Khas - New Delhi,Gym,New Delhi,"D-43, Hauz Khas Rd, Hauz Khas Market, Kharera, Hauz Khas, New Delhi, Delhi 110016",074287 28667,,"28.5509176,77.1966242"
Sanshinkan Martial Arts - Lajpat Nagar - New Delhi,Gym,New Delhi,"A 29, Basement, Dayanand Colony, Lajpat Nagar 4, Delhi 110024",096544 49771,"manishmma@gmail.com,,manishkarate@hotmail.com,","28.5612095,77.2379198"
Sangeeta Fitness Centre - Rohini - New Delhi,Gym,New Delhi,"142, Pocket 3, Near DPS School, Sector 24, Rohini, New Delhi New Delhi 110085, DL",+91-9811455136,,"28.7279089,77.0833381"
Salsa India - Cr Park - New Delhi,Gym,New Delhi,"K-1/69, Opposite South Park Apartment, Nehru Apartment Road, Cr Park, New Delhi 110019, DL",+91-9711172572,",contact@fitarrow.com,","28.5243108,76.8439113"
Sai Surya Yoga - Greater Kailash 1 - New Delhi,Gym,New Delhi,"Block E, 138, N Block, Greater Kailash I, Greater Kailash, New Delhi, Delhi 110048",+91-8750333828,,"28.5570236,77.2235412"
Royal Gym - Laxmi Nagar - New Delhi,Gym,New Delhi,"Mangal Bazar Rd, near by LOVELY PUBLIC SENIOR SECONDARY SCHOOL, Laxmi Nagar, Delhi, 110092",098117 91171,"me@nehaagarwal.in,,sandeep@spjca.in,sandeepaca@yahoo.com,","28.6399821,77.2688556"
Rhino's Gym - Paschim Vihar - New Delhi,Gym,New Delhi,"BG-5, Second Floor, Gourmet Hub Mall, Baba Ramdev Marg, Paschim Vihar, New Delhi, Delhi 110063",081307 00989,"rhinosgymindia@gmail.com,,","28.66775,77.1018816"
Revolution Gym - Rohini - New Delhi,Gym,New Delhi,"8-B/9, Indian Bank Basment, Below Indian Bank Basement, Sector 15, Rohini, New Delhi 110089, DL",+91-11-27850212,,"28.6117548,76.7855117"
REPS - A Personal Fitness Studio - Gujranwala - New Delhi,Gym,New Delhi,"2, 1st Floor, State Bank Colony, New Delhi G T Karnal Road, Gujranwala, New Delhi 110033, DL",+91-8860906090,,"28.6961444,77.1830296"
Reform Gym and Spa - Uttam Nagar - New Delhi,Gym,New Delhi,"WZ-41, Phase 1 Om Vihar Rd, Phase 3, Phase 1A, Uttam Nagar, Nawada, Delhi, 110059",087007 83803,,"28.621981,77.0408484"
RDX : Gym n Spa - Pitampura - New Delhi,Gym,New Delhi,"IST FLR, AMBA TOWER, North, nr. D C CHOWK, Rajapur, Sector 9, Rohini, New Delhi, Delhi, 110085",011 4704 5243,",iswatiin@gmail.com,contact@fitarrow.com,rdxrohini@gmail.com,","28.7186922,77.1152089"
Raw Crossfit - Model Town - New Delhi,Gym,New Delhi,"F-14/54 1st floor, Model Town Phase 2, Model Town Phase I, 2nd, Delhi, 110009",079823 13280,,"28.7084675,77.1814884"
Rasayana Yoga Fitness - Saket - New Delhi,Gym,New Delhi,Send to your phone,+91-8800843866,,"14.5146934,34.9762924"
Radius Gym And Spa - Tilak Nagar - New Delhi,Gym,New Delhi,"Shop No-24/51B, Above Mohit Medical Store, Mall Rd, Block 24, Tilak Nagar, New Delhi, Delhi 110018",098107 72774,,"28.6367573,77.0824306"
RaaS Dance and Fitness Studio - Gtb Nagar - New Delhi,Gym,New Delhi,"2478, Basement, Hudson Lane, Near GTB Metro Station Gate No 4, GTB Nagar, New Delhi 110009, DL",+91-9958350796,,"28.6321176,77.0862459"
R D X Fitness Gym - Rohini - New Delhi,Gym,New Delhi,"IST FLR, AMBA TOWER, North, nr. D C CHOWK, Rajapur, Sector 9, Rohini, New Delhi, Delhi, 110085",011 4704 5243,",xfitnessgymrohini@gmail.com,","28.7186922,77.1152089"
Pulse Gym - Rajouri Garden - New Delhi,Gym,New Delhi,"A 45, Vishal Enclave, Rajouri Garden, New Delhi, Delhi 110027",098117 44049,",info@pulsegym.in,delhi.rajourigarden@goldsgym.in,","28.6511935,77.1092547"
Pulse Fitness Center - Patel Nagar - New Delhi,Gym,New Delhi,"Cottage No 7, Near Mysore Cafe, Block C, Balraj Khanna Marg, Patel Nagar, New Delhi 110008, DL",+91-9971383870,",info@pulsegym.in,maneet@thegym.in,","28.6498628,76.9653528"
Pullman - Mahipalpur - New Delhi,Gym,New Delhi,"Asset No 02, Gmr Hospitality District, IGI Rd, Aerocity, New Delhi, Delhi 110037",011 4608 0808,",h7559-re@accor.com,jw.delap.reservations@marriotthotels.com,","28.553867,77.1133382"
Proton Active - Jangpura - New Delhi,Gym,New Delhi,"370-371/2, Ground Floor, Sahi, Hospital Rd., Jangpura, Bhogal, New Delhi, Delhi 110014",011 4125 4983,,"28.5847416,77.2378239"
Pro Fit Health Club - Lajpat Nagar - New Delhi,Gym,New Delhi,"O14, Veer Savarkar Marg, Block O, Lajpat Nagar II, Lajpat Nagar, New Delhi, Delhi 110024",097110 17189,,"28.5670797,77.2365771"
Prince Next Level Fitness - Subhash Nagar - New Delhi,Gym,New Delhi,"WZ-5 First Floor Tihar Viilage opp.chatari wala Park, Delhi, 110018",088606 98939,,"28.6364759,77.0972404"
Power World Gym - Dwarka - New Delhi,Gym,New Delhi,"H.no- 354, Near Dada Mota Mandir , Bharthal Village, Dwarka, Sector 26 Dwarka, Bharthal, Delhi, 110077",+91-7625087885,",info@powermaxfitness.net,GetFit@WorldGym.com,","28.5422774,77.0339031"
Power World Gym - Ghitorni - New Delhi,Gym,New Delhi,"Shop IN KH NO-405 ,Ghitorni Main Road , Opposite Pillar No. 120 Near Hanuman Mandir, Delhi 110030",076250 87882,",enquiry@avonfitnessmachines.com,info@powerhousesports.in,","28.4923074,77.1347746"
Power World Gym - Chattarpur - New Delhi,Gym,New Delhi,"Khasra No. 619/7, Building No. 2, Top Floor, opp. Tivoli Garden, Chhatarpur, Delhi 110074",+91-7625087888,",GetFit@WorldGym.com,","28.496233,77.1743647"
Power World Gym - Neb Sarai - New Delhi,Gym,New Delhi,"Near IGNOU, Opposite Gali No. 3 No. 216, Back Side Main IGNOU Road Second (2nd) Floor of Building Bearing Property, Neb Sarai, Delhi 110068",076250 87879,,"28.5045389,77.1885024"
Power Fitness Studio - Dwarka - New Delhi,Gym,New Delhi,"8, Amberahi, Near Tokas Plaza, Sector 19, Dwarka, New Delhi 110078, DL",+91-9599168992,",superpowersgym@gmail.com,info@powermaxfitness.net,","28.5857799,76.9599123"
Poorna Yoga Studio - Hauz Khas - New Delhi,Gym,New Delhi,"H657+WCM, Block C, Gulmohar Park, New Delhi, Delhi 110049",+91-11-26964705,,"28.5598388,77.2032619"
Planet Ultrafit - Saket - New Delhi,Gym,New Delhi,"J-290, Saket Rd, Block J, Saket, New Delhi, Delhi 110017",099997 37252,",hello@cultfit.com,planetultrafit.o7@gmail.com,","28.5222019,77.2045025"
Physique and fitness health club - Jangpura - New Delhi,Gym,New Delhi,"D-17, Opposite Lajpat Nagar Railway Station, Jangpura, New Delhi 110014, DL",+91-11-40861583,",info@akfitness.in,","28.5795298,77.2310224"
Physio Flex Gym - Pitampura - New Delhi,Gym,New Delhi,"D-840, Parwana Rd, D-Block Saraswati Vihar, Block D, Saraswati Vihar, Pitampura, Delhi, 110034",093506 66048,",contact@fitarrow.com,Inquiry@wellnessclub.co.in,shiv@thegym.in,","28.6939737,77.1151865"
Peak Fitness - Safdarjung Enclave - New Delhi,Gym,New Delhi,"70-b, Humayunpur, Safdarjung Enclave, New Delhi, Delhi 110029",011 2610 4142,,"28.5616142,77.1834898"
Passerine Fitness - East Of Kailash - New Delhi,Gym,New Delhi,"HS-17, 1st Floor, Behind Domino's Pizza, Kailash Colony Market, East Of Kailash, New Delhi 110048, DL",+91-11-41734444,,"28.553765,77.2305053"
Parsona Fitness Club - Mayur Vihar Phase 2 - New Delhi,Gym,New Delhi,"JS Complex, Vasundhara Enclave, 2nd, 3rd & 4th Floor, Near Maharaja Agrasen College, Mayur Vihar Phase 2, New Delhi 110096, DL",,",perizat@woe.kg,","28.58088,77.2316597"
Paipa Pradeep Adwanis Institute For Performing Art - Lajpat Nagar - New Delhi,Gym,New Delhi,"PILLER NO. 79, E - 13, TF, Lala Lajpat Rai Marg, near Kailash Colony Metro Station, East of Kailash, New Delhi, Delhi 110065",098115 59306,,"28.5562216,77.2311395"
Pacific Sports Complex - Rohini - New Delhi,Gym,New Delhi,"Pocket 10, Sector 25, Rohini, Delhi, 110085",099997 85308,",rohinisportscomplex@yahoo.com,","28.7356269,77.0831517"
Ozone Fitness and Spa - Punjabi Bagh - New Delhi,Gym,New Delhi,"23, NWA-14, Club Rd, Punjabi Bagh, Delhi, 110026",011 4551 1228,",info@ozoneclubs.com,punjabibagh@ozoneclubs.com,","28.6668918,77.1112181"
Ozone Fitness and Spa - Rajouri Garden - New Delhi,Gym,New Delhi,"TDI Mall, A-36, Vishal Enclave, Opp, Rajouri Garden, New Delhi, Delhi 110027",011 4578 4450,",ozonegym.modeltown@gmail.com,info@ozoneclubs.com,modeltown@gmail.com,","28.6499748,77.1101349"
Ozone Fitness and Spa - Defence Colony - New Delhi,Gym,New Delhi,"D-27, Lala Lajpat Rai Rd, Shiniwas Puri, Block D, Defence Colony, New Delhi, Delhi 110024",011 4155 0130,"defcol@ozoneclubs.com,,info@ozoneclubs.com,franchise@ozoneclubs.com,","28.5728485,77.2266453"
Ozone Fitness and Health Spa - Safdarjung Enclave - New Delhi,Gym,New Delhi,"R.K. Khanna Tennis Stadium 1 Marg, Africa Ave, Safdarjung Enclave, New Delhi, Delhi 110022",011 2616 0370,",info@ozoneclubs.com,","28.5593383,77.1779271"
Oxy Gym - Greater Kailash 2 - New Delhi,Gym,New Delhi,"B-25 GREATER KAILASH ENCLAVE, beside Healthkart, near DT Cinema, Greater Kailash II, Greater Kailash, New Delhi, Delhi 110048",088009 09882,,"28.5409057,77.2294352"
Oxide Gym - Patparganj - New Delhi,Gym,New Delhi,"No. C-37,, 2nd Floor, Madhu vihar,, I.P.Extension, Delhi, 110092",+91-9899086322,,"28.6350486,77.2933452"
Osho Gym - Uttam Nagar - New Delhi,Gym,New Delhi,"RZA-1/3&4, Palam Dabri Marg, Block E, Vijay Enclave, Mahavir Enclave, Delhi, 110045",+91-9868420211,",contact@fitarrow.com,","28.6061803,77.0656732"
One Million - Janakpuri - New Delhi,Gym,New Delhi,"C-2/20 Janakpuri, Lal Sain Mandir Marg, New Delhi, Delhi 110058",097163 46666,",info@onemillion.in,janakpuri.delhi@goldsgym.in,","28.6217159,77.0748156"
One Dream Fitness - Mayur Vihar Phase 1 - New Delhi,Gym,New Delhi,"13, Kotla Village, Mayur Vihar, New Delhi, Delhi, 110091",+91-11-40198348,",onedreamfitness@gmail.com,","28.6117398,77.2883965"
O3 Gym And Spa - Dwarka - New Delhi,Gym,New Delhi,"Near Dwaraka Mod Metro Station, Block C, Polo Garden Road, Bhagwati Garden, Nawada, New Delhi 110059, DL",+91-9911656366,"thenutritionworld@gmail.com,ozonegym.modeltown@gmail.com,,","28.619084,77.0254988"
Nitro Performing Arts - Greater Kailash 1 - New Delhi,Gym,New Delhi,"H-30 basement, Kailash Colony, Greater Kailash, New Delhi, Delhi 110017",+91-11-40395380,,"28.5231624,77.1973833"
Nature's Healing - Jangpura - New Delhi,Gym,New Delhi,"H-15, Ground Floor, Jangpura Extension,, New Delhi, Delhi 110014",083739 30580,",info@akfitness.in,","28.572769,77.234158"
My Fitness Kapsule - Dwarka - New Delhi,Gym,New Delhi,"F 4 And F 9, First Floor, Plot Number 16, Pankaj Arcade Sector 5, Main Market, Dwaraka Near Mc Donald's and, above Kotak Mahindra Bank, New Delhi, Delhi 110075",088609 27092,",cheryl.areilly@hotmail.com,care@myfitness.co.in,rkfitnessdwarka@gmail.com,","28.5946752,77.0432487"
Muscle Mania Gym Govindpuri - Kalkaji - New Delhi,Gym,New Delhi,"1913/19, Govindpuri Extension, Near Attraction Beauty Parlour, Sector 19, Kalkaji, New Delhi 110019, DL",+91-9650564353,,"28.5223997,77.1521898"
Muscle Magic Gym - Malviya Nagar - New Delhi,Gym,New Delhi,"L-1 AB, Malviya Nagar Rd, Block L, Malviya Nagar, New Delhi, Delhi 110017",098104 34434,"facesmodelmanagementindia@gmail.com,rkanojiya968@gmail.com,,rajpalmagic@gmail.com,","28.5328933,77.2025956"
Muscle Magic - South Ex Part 1 - New Delhi,Gym,New Delhi,"Punjab National Bank ATM, South Extension I, Aliganj, Kotla Mubarakpur, Sewa Nagar, New Delhi, Delhi 110003",+91-9971033463,,"28.5757637,77.2141774"
Mukta Dance and Fitness Studio - Dwarka - New Delhi,Gym,New Delhi,"10-A, Park Royal Apartment, Near Sunview Apartment, Sector 9, Dwarka, New Delhi 110077, DL",,",rkfitnessdwarka@gmail.com,","28.5581801,76.9639668"
MPX Fitness - Kalkaji - New Delhi,Gym,New Delhi,"B 117, DDA Flats Kalkaji, Block L 1, Kalkaji, New Delhi, Delhi 110034",099990 13449,,"28.5293793,77.2430132"
Moving Souls - Saket - New Delhi,Gym,New Delhi,"J-148, Basement, Saket, New Delhi, Delhi 110017",088006 67747,",info@movingsouls.com,","28.519741,77.2043307"
Morarji Desai National Institute Of Yoga - Connaught Place - New Delhi,Gym,New Delhi,"68, Ashoka Rd, near Gol Dak Khana Roundabout, Pandit Pant Marg Area, Sansad Marg Area, Delhi, New Delhi, Delhi 110001",011 2373 0417,",mdniy@yahoo.co.in,vinay_bharati2008@yahoo.co.in,","28.6259966,77.1969282"
Momentum Fitness Point - South Ex Part 2 - New Delhi,Gym,New Delhi,"13, Khel Gaon Marg, South Extension II, Uday Park, New Delhi, Delhi 110049",099908 55351,,"28.5613161,77.2098352"
Momentum Fitness Point - Green Park - New Delhi,Gym,New Delhi,"1-A, 3rd floor, above subway restaurant, opp. Green park ext, Safdarjung Enclave, New Delhi, Delhi 110029",099908 55351,,"28.5616832,77.1903973"
Moksha The Gym - Dwarka - New Delhi,Gym,New Delhi,"44 Polo Garden Road Uttam Nagar, Hostal Vihar, Bhagwati Garden Extension, Dwarka, Delhi, 110059",+91-9716241006,",shiv@thegym.in,","28.620072,77.0221797"
Missing Peace - New Rajendra Nagar - New Delhi,Gym,New Delhi,"J5QH+32F, Bhanumati Rd, R-Block, Pocket J, Rajender Nagar Part 2, New Rajinder Nagar, New Delhi, Delhi 110001",+91-11-28745536,,"28.637676,77.1672346"
Ministry of Fitness - Dayanand Vihar - New Delhi,Gym,New Delhi,"Metro Pillar 123, Karkardooma, Dayanand Vihar, Delhi, 110092",+91-11-42420777,",dayanand.delhi@goldsgym.in,","28.6473176,77.292718"
Milestone Gym - Gtb Nagar - New Delhi,Gym,New Delhi,"C29A, Sant Kirpal Singh Marg, Vijay Nagar, New Delhi, Delhi 110009",097114 05405,",jatin@jainagarwalca.com,","28.6913437,77.1911302"
MG Discover Your Shape - Patparganj - New Delhi,Gym,New Delhi,"E-43, Street No 15, Madhu Vihar, Near Gurudwara, Patparganj, New Delhi 110092, DL",+91-9871002689,,"28.6301725,77.2543969"
Metabolic Lifestyle Fitness - Dwarka - New Delhi,Gym,New Delhi,"Pocket C-8, 3rd & 4th Floor, Opposite Delhi International School, Sector 17, Dwarka, New Delhi 110075, DL",+91-8527784503,",theultimatefitnesstuf@gmail.com,","28.5897291,77.0039395"
Mediplex Yoga Studio - Kalkaji - New Delhi,Gym,New Delhi,"2-B117, New Delhi, Delhi 110019",+91-9313520295,,"28.5275277,77.2038652"
Max Fitness Studio - Dwarka - New Delhi,Gym,New Delhi,"Kothi No 64, Near HDFC Bank, Sector 12-A, Dwarka, New Delhi 110075, DL",+91-9999303206,,"28.5934116,77.0143828"
Mantan The Fitness Lounge - Mehrauli - New Delhi,Gym,New Delhi,"Metro Station, 3rd Floor, The Gallery on MG, New Manglapuri, Near Sultanpur, Mehrauli-Gurgaon Rd, Mehrauli, New Delhi, Delhi 110030",011 4171 8193,",info@mantan.in,","28.5004137,77.1567785"
MaD Fitness Studio - East Of Kailash - New Delhi,Gym,New Delhi,"D Block, East of Kailash, New Delhi, Delhi 110065",099991 91787,,"28.557617,77.2381768"
M Fitness Gym & Spa - Vasant Kunj - New Delhi,Gym,New Delhi,"SHOP NO. D-30/1,MAIN MARKET -110070, Vasant Kunj, New Delhi, Delhi 110070",011 4137 7446,,"28.5286974,77.1472739"
Let Fat Go - Karol Bagh - New Delhi,Gym,New Delhi,"11825 Ground floor, opposite HDFC bank, Sat Nagar, Karol Bagh, New Delhi, Delhi 110005",096541 38660,,"28.6482826,77.172762"
Legend Hardcore Fitness - Dwarka - New Delhi,Gym,New Delhi,"2nd Floor, Plot No. 10, Central Market, Sector 10, Dwarka, Delhi 110075",011 4521 4494,,"28.5901768,77.0470117"
Lean Wolves Fitness - Rohini - New Delhi,Gym,New Delhi,"Plot # 1, Pocket-27,, Rohini, New Delhi, Delhi 110085",098999 11967,,"28.7325447,77.0757746"
Lacrosse Gym - Mansarovar Garden - New Delhi,Gym,New Delhi,"Shop No F24, shopping Complex, Block F, Mansarover Garden, New Delhi, Delhi 110015",+91-9810727882,",goldsgymsainikfarms@gmail.com,","28.6452403,77.1246279"
La Sona Gym & Spa - Gtb Nagar - New Delhi,Gym,New Delhi,"122, Mall Rd, Opposite Dominos, GTB Nagar, New Delhi, Delhi, 110009",099995 19954,,"28.6981694,77.1952811"
LA Fitness - The Fitness Cult - Ashok Vihar - New Delhi,Gym,New Delhi,"third floor, Central market, 24 number building, Phase 1, Ashok Vihar, Delhi, 110052",097110 22066,",x3ehello@cult.fit,contact@fitnessintl.com,hello@cult.fit,","28.6931947,77.1621829"
Kore Gym - Green Park - New Delhi,Gym,New Delhi,"Y-14, Opposite Dear Park Gate, Behind Green Park Market, Green Park, Block L, Kalkaji, New Delhi, Delhi 110016",+91-9811128248,",rkfitnessdwarka@gmail.com,","28.5574269,77.1909939"
Knockout Martial Arts And Fitness - Lajpat Nagar - New Delhi,Gym,New Delhi,"A-13, Basement, Lajpat Nagar, New Delhi 110024, DL",+91-9152292595,",knockoutdelhi3@gmail.com,","28.5701106,77.2315477"
Knockout Martial Arts - Laxmi Nagar - New Delhi,Gym,New Delhi,"712, Ground Floor, Guru Anand Nagar West Near Gurudwara Road, Mangal Bazar Rd, Laxmi Nagar, Delhi, 110092",099994 78185,"jksmma@gmail.com,knockoutdelhi3@gmail.com,knockoutclubs@gmail.com,,","28.6391473,77.2689651"
Knockout Fight Club - Saket - New Delhi,Gym,New Delhi,"E-47 Basement, Near PVR Saket, New Delhi, Delhi 110017",098100 21011,",contact@knockoutfightclub.com,","28.5208938,77.1961404"
KK Fitness - East Of Kailash - New Delhi,Gym,New Delhi,"19 Basement Floor, Sant Nagar, East of Kailash, New Delhi, Delhi 110065",098993 12832,,"28.5539763,77.2383847"
Kishori Gym - Paschim Vihar - New Delhi,Gym,New Delhi,"5/196, Basement, Near GS Convent School, Sunder Vihar, Paschim Vihar, New Delhi 110063, DL",+91-9811260301,",rkfitnessdwarka@gmail.com,","28.6713897,77.0606631"
Keshav The Gym - Pitampura - New Delhi,Gym,New Delhi,"WZ-607, 3rd Floor, Sri Nagar, Mainroad, Mansarover Garden, Pitampura, New Delhi 110008, DL",+91-9711234960,",Inquiry@wellnessclub.co.in,shiv@thegym.in,","28.686325,77.1265345"
Kashyapa Karma - Rohini - New Delhi,Gym,New Delhi,"3rd Floor, H-19, Pocket 19, Sector 7, Rohini, New Delhi, Delhi, 110085",098108 57120,",mkt@kashyapakarma.com,","28.7122896,77.1049172"
Karma Gym - Pitampura - New Delhi,Gym,New Delhi,"P44V+949, Poorvi Pitampura, Pitampura Movietime Mall, KP Block, Maurya Enclave, near Hotel City Park- Hotels in Delhi, Delhi, 110034",088001 15522,",Inquiry@wellnessclub.co.in,shiv@thegym.in,","28.7059126,77.1325682"
Kaizen Gym - Saket - New Delhi,Gym,New Delhi,"178/1, IGNOU Main Rd, opp. Reliance Smart Point outlet, near gate no. 3, Freedom Fighters Enclave, Neb Sarai, Saket, New Delhi, Delhi 110068",099713 35616,",memberexperience@anytimefitness.in,gymkaizen4u@gmail.com,","28.5085967,77.190574"
K Rebound Health Club - Rohini - New Delhi,Gym,New Delhi,"P49G+95P, Rajapur, Sector 9, Rohini, Delhi, 110085",088265 31296,,"28.7184694,77.1151643"
K Rebound Gym & Spa - Vikaspuri - New Delhi,Gym,New Delhi,"33, Vikaspuri Banks Rd, AK Market, Pusa, New Delhi, Delhi, 110018",+91-9971964826,,"28.6402147,77.0650566"
K Rebound Gym - Janakpuri - New Delhi,Gym,New Delhi,"3/6, A-Block, Janakpuri, New Delhi, Delhi, 110058",+91-7838197176,,"28.6217422,77.0779697"
K Rebound Gym - Pitampura - New Delhi,Gym,New Delhi,"7 no, Chander Lok, Pitampura, Delhi, 110034",099909 49477,,"28.6903517,77.1253586"
JS Fitness Studio Gym - Rajouri Garden - New Delhi,Gym,New Delhi,"J-12/25, Block J, Rajouri Garden Extension, Rajouri Garden, New Delhi, Delhi, 110027",098103 34400,,"28.6406859,77.1101808"
JCF Dance Academy - Rajouri Garden - New Delhi,Gym,New Delhi,"J-142, Diabetes Center, Najafgarh Road, Rajouri Garden, New Delhi 110027, DL",+91-11-45789907,,"28.6285868,77.0323128"
I-Workout Gym - Punjabi Bagh - New Delhi,Gym,New Delhi,"building no. 5, Central Market, near syndicate bank, Delhi 110026",098117 73377,",joinherfitness@gmail.com,","28.670859,77.1225099"
Iron Blast Gym - Kalkaji - New Delhi,Gym,New Delhi,"Block BusStop Main Market, B-118 B, opp. South Park Appartment, Block M, Rampuri, Kalkaji, New Delhi, Delhi 110019",097182 86627,"ironblast.delhi@gmail.com,,","28.5374194,77.2494276"
Inshreddables Gym - East Of Kailash - New Delhi,Gym,New Delhi,"238,Ground Floor,Main Road, Sant Nagar, East of Kailash, New Delhi, Delhi 110065",099588 95062,",support@tofler.in,","28.555887,77.2382298"
Infinite Health Studio - Rajendra Nagar - New Delhi,Gym,New Delhi,"8/20, Near Shankar Road, Rajendra Nagar, New Delhi 110018, DL",+91-8130691900,",cs@infinitehs.com,","28.6367478,76.9730616"
Icon Gym & Fitness Centre Pvt. Ltd - Uttam Nagar - New Delhi,Gym,New Delhi,"B40, First Floor,Near Metro Pillar No: 708, Ram Nagar, Uttam Nagar, Delhi, 110059",081303 05751,,"28.6196914,77.0404079"
Hype The Gym - Pitampura - New Delhi,Gym,New Delhi,"4, Mahatma Hansraj Marg, Above IndusInd Bank, Block A, Lok Vihar, Pitampura, New Delhi 110034, DL",+91-7289083838,",shiv@thegym.in,","28.6400683,76.8761184"
Hurricanes Gym - Chattarpur - New Delhi,Gym,New Delhi,"A-10, Chhattarpur Maidangarhi Road Near DDA Park, New Delhi, 110074",098107 23989,",arundagar12@gmail.com,hurricanes-gym-delhi-8rq@sagt6.html,","28.4984297,77.1795023"
Himalaya Gym - Laxmi Nagar - New Delhi,Gym,New Delhi,"near shishu bhrati school Mangal Bazar -199, Laxmi Nagar, Delhi, 110092",095608 08123,",sandeep@spjca.in,sandeepaca@yahoo.com,anuj@samayu.org,","28.6368956,77.2700491"
Her Fitness - Punjabi Bagh - New Delhi,Gym,New Delhi,"NWA 10, Club Rd, Punjabi Bagh, Delhi, 110026",099900 02564,"u003ejoinherfitness@gmail.com,,joinherfitness@gmail.com,","28.666447,77.1125672"
Her Fitness - Rajouri Garden - New Delhi,Gym,New Delhi,"A -29, Vishal Cinema Rd, Block A, Vishal Enclave, Rajouri Garden, New Delhi, Delhi, 110027",099900 01865,",joinherfitness@gmail.com,","28.6494348,77.1104953"
Her Fitness - Vikaspuri - New Delhi,Gym,New Delhi,"H-1/139, Near Lal Market, Vikaspuri Banks Road, Vikaspuri, New Delhi 110019, DL",+91-9990001465,",u003einfo@herfitness.in,joinherfitness@gmail.com,info@herfitness.in,","28.6416648,77.0718824"
Headquater Fitness Arena - Dwarka - New Delhi,Gym,New Delhi,"3rd floor,301, HL WINGS, Pocket 4, Sector 11 Dwarka, Dwarka, Delhi, 110075",099994 33433,,"28.5877008,77.0327729"
Hardroxx Fitness Club - Rohini - New Delhi,Gym,New Delhi,"16, Ram Krishna Marg, Pocket 5, Sector 16E, Rohini, New Delhi, Delhi, 110089",+91-9582727202,",rohini.delhi@goldsgym.in,hardroxx.fitnessclub@gmail.com,","28.7385794,77.1147291"
Hardcore Planet Fitness Gym - Cr Park - New Delhi,Gym,New Delhi,"I-1650, near IDBI Bank, Chittaranjan Park, New Delhi, Delhi 110019",098992 77971,,"28.5382482,77.2412182"
Hardcore Fitness - Ashok Vihar - New Delhi,Gym,New Delhi,"24/5, Opposite Pramath Hospital, Main Road, Shakti Nagar, New Delhi 110007, DL",+91-9899104022,,"28.6035287,76.5653089"
H2O Gym - Pitampura - New Delhi,Gym,New Delhi,"FD-4, Lala Jagat Narayan Marg, Dakshini, Pitampura, New Delhi 110034, DL",+91-11-45623188,",Inquiry@wellnessclub.co.in,shiv@thegym.in,","28.6488932,77.0245065"
H2O - Model Town - New Delhi,Gym,New Delhi,"F-14/18, Third Floor, Model Town Phase 2, New Delhi, Delhi 110009",093199 57788,,"28.7057956,77.1803721"
GymOn Fitness Studio - Mayur Vihar Phase 1 - New Delhi,Gym,New Delhi,"A-11, Acharya Niketan Market, Near ICICI Bank, Mayur Vihar Phase 1, New Delhi 110091, DL",+91-9899397154,,"28.600155,77.2188214"
Gym Town - Adarsh Nagar - New Delhi,Gym,New Delhi,"C-62, Basement, Rajan Babu Rd, rode, Adarsh Nagar, Delhi, 110033",088600 02131,",maneet@thegym.in,","28.7193068,77.1634931"
Gym The Big League - Shastri Nagar - New Delhi,Gym,New Delhi,"e-136 2nd Floor, Vir Banda Bairagi Marg, opp. Metro Pillar no 176, near PNB Bank, Block E, Shastri Nagar, Delhi, 110052",097176 68021,",gymthebigleague@gmail.com,","28.6711749,77.1672528"
Gym Paradise - GTB Nagar - New Delhi,Gym,New Delhi,"Plot No. 1993, 2nd Floor, Outram Lines Rd, Kingsway Camp, GTB Nagar, New Delhi, Delhi, 110009",070118 41983,"contact@dronacharyathegym.com,,","28.7020727,77.1952057"
Gym Asia - Ashok Vihar - New Delhi,Gym,New Delhi,"H-27, Near Government Girls School Senior Section, Main Road, Ashok Vihar, New Delhi 110052, DL",+91-9312506665,",memberexperience@anytimefitness.in,gravitazclub@gmail.com,","28.6070645,77.1061211"
GritFit - East Of Kailash - New Delhi,Gym,New Delhi,"A-56, lower ground floor, Kailash Colony, New Delhi, Delhi 110048",+91-8130807878,",fitnessmanzil.info@gmail.com,","28.5528965,77.2346262"
Grid Iron Gym - Green Park - New Delhi,Gym,New Delhi,"1A 3rd Floor Arjung Nagar above subway restaurant, safdarjung enclave opp green park ext, New Delhi, Delhi 110029",+91-11-49066525,,"28.5616832,77.1903973"
Great Gym - Patel Nagar - New Delhi,Gym,New Delhi,"24, Munshi Ram Sethi Marg, Block 24, West Patel Nagar, Patel Nagar, Delhi, 110008",078386 18162,",hello@cultfit.com,maneet@thegym.in,","28.6513824,77.1562896"
Gravity Health Club - Shakti Nagar - New Delhi,Gym,New Delhi,"House No. 24/7, Basement, near Jain Mandi, Block 41, Block 40, Shakti Nagar, Delhi, 110007",+91-9899699422,",gravity132@yahoo.com,","28.6754894,77.189892"
Gold's Gym - Vasant Vihar - New Delhi,Gym,New Delhi,"Priya Community Centre, 12, above HSBC Bank, Basant Lok, Vasant Vihar, New Delhi, Delhi 110070",076785 70668,"WeCare@GoldsGym.in,,","28.5583396,77.1540102"
Gold's Gym - New Friends Colony - New Delhi,Gym,New Delhi,"1, Central Avenue, Block E, Maharani Bagh Community Center, Near Dr. Sethi's Eye Centre & Surgery, New Friends Colony, New Delhi 110065, DL",+91-9599779398,"WeCare@GoldsGym.in,,","28.5667956,77.2619343"
Gold's Gym - Hauz Khas - New Delhi,Gym,New Delhi,"81/1, Aurobindo Tower, 4th Floor, Sri Aurobindo Marg, Adchini, Hauz Khas, New Delhi 110017, DL",+91-9891204999,"WeCare@GoldsGym.in,,aurobindo.delhi@goldsgym.in,","28.5392417,77.1754368"
GoFitness Academy - Janakpuri - New Delhi,Gym,New Delhi,"B-1/3, Basement, Opposite Sai Baba Mandir, Arya Samaj Road, Janakpuri, New Delhi 110058, DL",+91-11-49124817,",hello@gofitnessacademy.in,","28.6274151,77.0391518"
Get Fit Fitness Studio - Dwarka - New Delhi,Gym,New Delhi,"G 0126, 3rd floor , harijan Basti, Palam Extension, Gate no. 2, opposite BRAHMA APARTMENT, Sector 7 Dwarka, Dwarka, New Delhi, Delhi 110045",098996 50561,",rkfitnessdwarka@gmail.com,","28.5901593,77.0622828"
Genetix Fitness Center - Patel Nagar - New Delhi,Gym,New Delhi,"9/14, East Patel Nagar, Delhi 110008",099106 04094,,"28.6484211,77.1568871"
G L The Fitness Club - Pitampura - New Delhi,Gym,New Delhi,"2nd floor, building no 370, Kohat Enclave, Pitampura, Delhi, 110034",+91-8860675666,"WeCare@GoldsGym.in,,","28.6981336,77.1292037"
Future Dance Academy - Rohini - New Delhi,Gym,New Delhi,"A-3/63, Dr. Ns Hardikar Road, Pocket 3, Near Jaipur Golden Hospital, Sector 3-A, Rohini, New Delhi 110085, DL",+91-9971498173,,"28.6988882,77.0958376"
Full Power Fitness - Paschim Vihar - New Delhi,Gym,New Delhi,"M-11, Basement, Near Kotak Bank, Guru Harkishan Nagar, Paschim Vihar, New Delhi 110087, DL",+91-9953016140,",Inquiry@wellnessclub.co,","28.6702861,77.0772003"
Fuel Fitness Gym - Safdarjung Enclave - New Delhi,Gym,New Delhi,"D-191, Near Chota Gurudwara, Block B-7, Arjun Nagar, Safdarjung Enclave, New Delhi 110029, DL",+91-9213285755,",Fitnessfuelgym090@gmail.com,","28.562329,77.1894148"
FORZA Fitness Studio - Rajendra Nagar - New Delhi,Gym,New Delhi,"8-B, Rajendra Park, Near Metro Station, Block A, Pusa Road, Rajinder Nagar, New Delhi 110060, DL",+91-8800898309,,"28.6395581,77.1735156"
Force Up - Paschim Vihar - New Delhi,Gym,New Delhi,"398, Bheera Enclave, Near Bheera Enclave, Paschim Vihar, New Delhi 110063, DL",+91-9910997733,,"28.6676582,77.0589681"
Force Gym - Safdarjung Enclave - New Delhi,Gym,New Delhi,"khasra no-569, main bus stand, Maidan Garhi Bus Stand, Maidan Garhi, New Delhi, Delhi 110068",099536 86768,"support@delhigymkhana.org.in,,","28.5006503,77.1861702"
FMA Fitness - Malviya Nagar - New Delhi,Gym,New Delhi,"C-52, Geetanjali Marg, below Canine Care, Block C, Shivalik Colony, Malviya Nagar, New Delhi, Delhi 110017",088269 55799,,"28.5388624,77.2019247"
Flexion Fitness and Spa - Dwarka - New Delhi,Gym,New Delhi,"2nd floor, Krishna Plaza, Ashirwad chauk, market, Pocket 1, Sector 4, Dwarka, Delhi, 110078",098212 12266,,"28.5981164,77.038089"
Flex Fitness - Mehrauli - New Delhi,Gym,New Delhi,"1092/1, 2nd Floor, Gurudwara Road, Mehrauli, New Delhi 110030, DL",+91-9911234293,,"28.5830374,76.8297845"
Flex Appeal Fitness - Dwarka - New Delhi,Gym,New Delhi,"A, 41_42, Ramphal Chowk Rd, above J&K BANK, near Icici bank, Chandar Vihar, Block B, Sector 7 Dwarka, Dwarka, New Delhi, Delhi, 110077",098718 79761,",info@fitlineindia.com,ajay.flexappeal@gmail.com,","28.5873906,77.0611074"
Fitworx Studio - Greater Kailash 2 - New Delhi,Gym,New Delhi,"S-50, Inder Mohan Bhardwaj Marg, Block E, Greater Kailash II, Greater Kailash, New Delhi, Delhi 110048",+91-9711673876,,"28.5408419,77.2296731"
Fitt Lounge - Defence Colony - New Delhi,Gym,New Delhi,"Club, Block B, Anand Niketan, New Delhi, Delhi 110021",011 4902 7877,,"28.5783586,77.1552892"
Fitnutz - The Complete Health Centre - Rohini - New Delhi,Gym,New Delhi,"Outer Ring Rd, Prashant Vihar, Sector 14, Rohini, New Delhi, Delhi, 110085",099997 41741,"info@purelogic.in,,rkfitnessdwarka@gmail.com,","28.7162089,77.1288158"
FitNest Prime - Vasant Kunj - New Delhi,Gym,New Delhi,"G4QV+652, Pocket 9, Sector C, Vasant Kunj, New Delhi, Delhi 110070",099909 99448,,"28.5380116,77.1325823"
FitNest IP Extension - Patparganj - New Delhi,Gym,New Delhi,"Sai Chowk, C-7 Madhu Vihar Road, Madhu Vihar, I.P.Extension, Patparganj, near FITNEST GYM, I.P.Extension, Patparganj, Delhi, 110092",099909 99007,",Mkfitness@gmail.com,","28.6347236,77.2938656"
FitNest - Rohini - New Delhi,Gym,New Delhi,"1st Floor, Fun City Mall, Prashant Vihar, Sector 14, Rohini, New Delhi, Delhi 110085",099990 99481,",drugsfitnessrohini@gmail.com,","28.7123113,77.1256458"
FitNest - Lajpat Nagar - New Delhi,Gym,New Delhi,"K-94, , Block K, , Lajpat Nagar, New Delhi, Del, Veer Savarkar Marg, Lajpat Nagar II, Delhi, 110024",+91-9990999683,",memberexperience@anytimefitness.in,ursfitnessclub@gmail.com,","28.5676429,77.2364256"
Fitness Tree - Model Town - New Delhi,Gym,New Delhi,"Tagore Park Extension, 301, Prince Road, Opposite HDFC Bank, Model Town Phase I, Delhi, 110009",098713 66691,,"28.7040445,77.1851542"
Fitness Quest Gym - Rohini - New Delhi,Gym,New Delhi,"3, Deepak Plaza, 3rd Floor, Sector 9, Rohini, New Delhi 110085, DL",+91-11-47083848,,"28.7182914,77.0318918"
Fitness Nation Gym - Malviya Nagar - New Delhi,Gym,New Delhi,"adjacent Sant Nirankari Public School & Sant Nirankari Bhawan, Khirki Extension, Panchsheel Extension, Malviya Nagar, New Delhi, Delhi 110017",098188 95195,,"28.5357261,77.2071039"
Fitness Mantraz - Paschim Vihar - New Delhi,Gym,New Delhi,"410, Basement, Nangloi Saiyed Rd, Bhera Enclave, Paschim Vihar, Delhi, 110087",097179 19359,,"28.6696265,77.0803278"
Fitness Junkie - Vivek Vihar - New Delhi,Gym,New Delhi,"B-6, Near Sunshine Hotel, Surya Nagar, Ghaziabad, Vivek Vihar, New Delhi 110092, DL",+91-9667311717,,"28.6635642,77.2957533"
Fitness Hub Gym and Spa - Rohini - New Delhi,Gym,New Delhi,"P3J3+RWV, Jain Nagar, Sector 38, Rohini, New Delhi, Delhi, 110081",+91-8750809511,",Joy.fitnesshub@gmail.com,","28.7321064,77.0445071"
Fitness Groovee - Pitampura - New Delhi,Gym,New Delhi,"60, Maharaja Agrasen Marg, Pocket 9, Sector 6A, Pitampura, New Delhi, Delhi, 110085",+91-9953173966,,"28.7078693,77.0983293"
Fitness Fun Gym - Satya Niketan - New Delhi,Gym,New Delhi,"237, Basement, Satyaniketan Street, Opposite Venketeshwar College, Satya Niketan, New Delhi 110021, DL",+91-9711926067,,"28.5999646,76.8724947"
Fitness Freaks - Janakpuri - New Delhi,Gym,New Delhi,"C-4F/28,Janak Puri, Near C-4E Market, New Delhi, Delhi 110058",098999 95499,",info@fitnessfreaks.co.in,","28.617657,77.0800451"
Fitness First India Pvt Ltd - Connaught Place - New Delhi,Gym,New Delhi,"2nd Floor, Building No. 1 & 2, 1-A, Radial Rd Number 2, Block A, Connaught Place, New Delhi, Delhi 110001",011 4350 7901,",x3emembership.services@fitnessfirst.co.uk,membership.services@fitnessfirst.co.uk,","28.6322215,77.2075332"
Fitness First - Select Citywalk - Saket - New Delhi,Gym,New Delhi,"5th & 6th Floor, Select Citywalk Mall The, Dome, Saket District Centre, New Delhi, Delhi 110017",011 4949 7000,",ff.selectcity@fitnessfirst.net.in,","28.5284469,77.2089155"
Fitness Finesse Premium - Cr Park - New Delhi,Gym,New Delhi,"D-610, Gate No 2, Deshbandhu Apartments, Near Hotel Royal Castle Grand, EPDP Road, CR Park, New Delhi 110019, DL",+91-9910536575,,"28.5500799,77.1964168"
Fitness Finesse Premium - Greater Kailash 2 - New Delhi,Gym,New Delhi,"A-3, J.K Building, 3rd Floor, Near Smokeys BBQ, Masjid Mod, Greater Kailash 2, New Delhi 110048, DL",+91-11-41622233,,"28.5498553,77.1875558"
Fitness Factory Gym and Spa - Tilak Nagar - New Delhi,Gym,New Delhi,"Wz 294 g block hari nagar jail road, opp. OM Sweets, Hari Nagar, Delhi, Delhi, 110058",099531 15121,",fitnessfactorygymandspa@gmail.com,","28.6274626,77.0899516"
Fitness Alive Gym - Punjabi Bagh - New Delhi,Gym,New Delhi,"M48F+P34, Chaudhary Balbir Singh Marg, West Punjabi Bagh, Punjabi Bagh, Delhi, 110026",+91-9811309667,,"28.6667496,77.1124023"
Fitness Alive Gym - Paschim Vihar - New Delhi,Gym,New Delhi,"A-3/1, Near Shagun Jewellers, Paschim Vihar, New Delhi 110063, DL",+91-9250638269,,"28.6681193,77.0930823"
Fitmiss Fitness Studio & Gym - Paschim Vihar - New Delhi,Gym,New Delhi,"405(basement),Bhera Enclave,Paschim vihar,New delhi, New Delhi, Delhi 110087",088600 27171,,"28.6694706,77.0815547"
Fitholic - Paschim Vihar - New Delhi,Gym,New Delhi,"2, RR Block, Rohtak Rd, near Peera garhi, Mianwali Nagar, Paschim Vihar, New Delhi, Delhi 110087",011 4940 9005,",casingla@yahoo.com,coloursquare@gmail.com,","28.6797364,77.0790354"
Fitblaze Fitness Centre - Patparganj - New Delhi,Gym,New Delhi,"A, 139, Madhu Vihar Rd, near SAI MANDIR, Madhu Vihar, I.P.Extension, Patparganj, Delhi, 110092",+91-9999746961,",rkfitnessdwarka@gmail.com,","28.6357605,77.2952601"
Fit Yard Gym - Delhi University Area - New Delhi,Gym,New Delhi,"34-36, 3rd Floor, Opposite Sagar Ratna, Mall Road, Kingsway Camp, New Delhi 110009, DL",+91-8822282228,",principal@ramjas.du.ac.in,mail.ncr@christuniversity.in,","28.622415,76.8641222"
Fit Fataang - Rajouri Garden - New Delhi,Gym,New Delhi,"J 116/1, opposite kins footwear lane, Main Market, Block J, Rajouri Garden, New Delhi, Delhi 110027",099717 58888,,"28.645953,77.1101247"
Family Fitness - Model Town - New Delhi,Gym,New Delhi,"A-247, Basement, Near Reliance Digital Shop, Majlis Park Road, Adarsh Nagar, Model Town, New Delhi 110033, DL",,",x3ecustomerservice@txfamilyfitness.com,customerservice@txfamilyfitness.com,","28.6576071,77.0009174"
Expresscise Dance Fitness - Janakpuri - New Delhi,Gym,New Delhi,"Aqua Point,Behind Kendriya Vidhalaya, C-2 Block, Janak Puri, Janakpuri Rd, C2-A, Janakpuri, New Delhi, Delhi 110058",098991 67681,,"28.6175043,77.0756015"
Exerholic - Anand Vihar - New Delhi,Gym,New Delhi,"opposite Kosmos Hospital, 28, Surya Niketan, Delhi, 110092",098102 89885,",info@21fitnessgym.com,","28.6547946,77.2998124"
Evost Fitness Gym And Spa - New Friends Colony - New Delhi,Gym,New Delhi,"Inside New Friends Club, Mathura Road, New Friends Colony, New Delhi 110065, DL",+91-11-45160381,",memberexperience@anytimefitness.in,evost-fitness-gym-and-spa-delhi-unn@askpb.html,","28.5633073,77.2318343"
Evolve Fitness Redefined - East Of Kailash - New Delhi,Gym,New Delhi,"C-36, Basement, Kailash Hills, Raja Dhirsain Marg, Near Indian Overseas Bank, East Of Kailash, New Delhi 110048, DL",,",x3ecolindale@evolve-gym.co.uk,colindale@evolve-gym.co.uk,","28.5570924,77.2423468"
Evolve - Truth In Fitness - Safdarjung Enclave - New Delhi,Gym,New Delhi,"B-4/53, Nauroji Nagar Marg, B-4 Block, Safdarjung Enclave, New Delhi 110029, DL",+91-9999535374,,"28.601991,76.8083086"
Evolution Fitness Gym - Dwarka - New Delhi,Gym,New Delhi,"D 453 2/3 FLOOR, RAMPHAL CHOWK, near AAPKA BAZAR, Block D, Sector 7 Dwarka, Dwarka, Delhi, 110077",099110 51205,",evolutionfitnessgym@gmail.com,","28.5850205,77.0596296"
Evexia Fitness - Kalkaji - New Delhi,Gym,New Delhi,"B50-B, Hansraj Sethi Marg, Block H, Block B, Kalkaji, New Delhi, Delhi 110019",097175 11151,,"28.5440456,77.2413282"
Energy Mind Body Soul - Shalimar Bagh - New Delhi,Gym,New Delhi,"BT 35 Basement, Block BT, West Shalimar Bagh, Shalimar Bagh, Delhi, 110088",098911 71898,",ashu.chhabra08@gmail.com,energy-mind-body-soul-fitness-centre-delhi-xn_@b1irq.html,","28.7042859,77.1470863"
Energie Gym Shanti Vihar - Hargobind Enclave - New Delhi,Gym,New Delhi,"Plot No 1, Shanti Vihar, Karkardooma, Anand Vihar, New Delhi, Delhi, 110092",092666 29001,,"28.6507219,77.2892757"
Energie Gym Mayur Vihar - Mayur Vihar Phase 1 - New Delhi,Gym,New Delhi,"C-35 & 36, 1st Floor, Block B, Acharya Niketan, Mayur Vihar, New Delhi, Delhi 110091",092666 29002,,"28.6074521,77.2849357"
Energie Gym - Preet Vihar - New Delhi,Gym,New Delhi,"C-57, 2nd Floor, Near Bata Showroom, Preet Vihar, New Delhi 110092, DL",+91-11-42058199,"info@energieindia.com,,","28.6381998,77.2790134"
Energie Gym - Rajouri Garden - New Delhi,Gym,New Delhi,"GN-2, Shivaji Enclave, Near Shivaji College, Rajouri Garden, New Delhi 110027, DL",+91-11-25912345,"info@energieindia.com,,shwetachauhan@hotmail.co.in,","28.6525962,77.1123902"
Energie Gym - Laxmi Nagar - New Delhi,Gym,New Delhi,"3, V3S Mall, 3rd Floor, Laxmi Nagar, New Delhi 110092, DL",+91-9152638878,"info@energieindia.com,,","28.6307327,77.2723016"
Elite Fit Gym And Spa - Janakpuri - New Delhi,Gym,New Delhi,"B-504, Basement, Near Axis Bank, Professor Joginder Singh Marg, Janakpuri, New Delhi 110058, DL",+91-9811603607,",janakpuri.delhi@goldsgym.in,","28.630013,77.0722786"
Elevate Fitclub - South Ex Part 2 - New Delhi,Gym,New Delhi,"1A, Masjid Moth, Uday Park, Siri Fort Road, opp. Ansal Plaza, New Delhi, Delhi 110049",011 4611 3800,,"28.5608576,77.2071015"
Elemention Gym - Hauz Khas - New Delhi,Gym,New Delhi,"3A Adchini, 2nd & 3rd Floor, Aurobindo Marg, New Delhi, Delhi 110017",+91-11-26514314,,"28.5383286,77.1885222"
Dronacharya's The Gym Narela - Rohini - New Delhi,Gym,New Delhi,"Near TVS Showroom, Rajeev Colony, Arya Samaj Road, Rohini, New Delhi 110040, DL",+91-9773853837,,"28.8287627,76.9815869"
Dronacharya's the Gym - Mukherjee Nagar - New Delhi,Gym,New Delhi,"Near Vridavan Park, Banda Bahadur Marg, Outram Lines, Mukherjee Nagar, New Delhi 110033, DL",+91-11-33107319,,"28.7030291,77.1947887"
Dronacharya's the Gym - Kamla Nagar - New Delhi,Gym,New Delhi,"E - 132, Kamla Nagar, Delhi, 110007",098738 11815,"contact@dronacharyathegym.com,,bhupenderdhawanthegym@gmail.com,","28.6822431,77.1941983"
Dronacharya's the Gym - Hudson Lane - New Delhi,Gym,New Delhi,"2575, Basement, Hudson Line, Near Kingsway Camp, GTB Nagar, Hudson Lane, New Delhi 110009, DL",+91-9560847923,",info@thegymindia.com,",
Dronacharya's The Gym - Ashok Vihar - New Delhi,Gym,New Delhi,"C-1/14, Basement, Phase 2, Ashok Vihar, New Delhi 110052, DL",+91-9213101000,,
Dronacharya The Gym - Paschim Vihar - New Delhi,Gym,New Delhi,"A-6, Shubham Enclave, Near Radisson Blu Hotel, Main Outer Ring Road, Paschim Vihar, New Delhi 110063, DL",+91-9999170505,,
Dr.Force Gym - Punjabi Bagh - New Delhi,Gym,New Delhi,"19, NWA, Above Satyam Jewels, Club Road, Punjabi Bagh, New Delhi 110026, DL",+91-9811462810,",drforcefitness@gmail.com,",
DNA Fitness - Janakpuri - New Delhi,Gym,New Delhi,"C-1/124, Near Mata Chanan Devi Hospital, Lal Sai Mandir Marg, Janakpuri, New Delhi 110058, DL",+91-9560517291,,
Divine Gym - Chattarpur - New Delhi,Gym,New Delhi,"B-74, Rajpura Khurda Extension, Near ICICI Bank, Unnamed Road, Chattarpur, New Delhi 110030, DL",+91-9999692142,,
Divaa Fitness Workout Studio - Patel Nagar - New Delhi,Gym,New Delhi,"3/26, Near Patel Nagar Metro Station, Patel Nagar, New Delhi 110008, DL",+91-8586803851,,
Delhi Salsa Club - Kalkaji - New Delhi,Gym,New Delhi,"105, 4th Floor, New Delhi IIT Campus, Mor Pocket 1, Next To Bhairon Mandir, Kalkaji, New Delhi 110019, DL",+91-9811600390,,
Delhi Rock - Greater Kailash 2 - New Delhi,Gym,New Delhi,"M-41, Premises Nanaksar Gurudwara, Block N, Opposite M-39 Res, Gurdwara Road, Greater Kailash 2, New Delhi 110047, DL",+91-11-46588444,"team@delhirock.com,,u003eteam@delhirock.com,",
Delhi Martial Art Academy - Tagore Garden - New Delhi,Gym,New Delhi,"WZ-88/6, Near Tagore Garden Metro Station, Titarpur, Tagore Garden, New Delhi 110027, DL",+91-8447150708,,
Delhi Dance Academy - Lajpat Nagar - New Delhi,Gym,New Delhi,"E-238/239, Amar Colony, Block O, Near Shree Har Milap Durga Mandir, Mahatma Gandhi Road, Lajpat Nagar, New Delhi 110024, DL",+91-11-41012909,,
Define Body - Paschim Vihar - New Delhi,Gym,New Delhi,"A-4/33, Near Ram Mandir Marg, Main Road, Paschim Vihar, New Delhi 110063, DL",+91-9599969069,",contact@fitarrow.com,pvscdda@yahoo.co.in,",
Deep's Gym - South Ex Part 1 - New Delhi,Gym,New Delhi,"38, Near Chote Khan, Uday Chand Marg, Bade Khan Tomb, Amrit Nagar, New Delhi 110049, DL",+91-9810599235,",shekhar64@gov.in,nks_chauhan@yahoo.com,fmo@nic.in,canks.associates@gmail.com,deep.shekhar64@gov.in,",
Dancercise Studio - Cr Park - New Delhi,Gym,New Delhi,"K-1/69, Salsa India, Next To Bata Store, Nehru Apartment Road, CR Park, New Delhi 110019, DL",+91-9711532355,",swarnalikundu699@gmail.com,hello@tgfd.in,contact@fitarrow.com,nadasutra.arts@gmail.com,",
Dancend - Hauz Khas - New Delhi,Gym,New Delhi,"S-168, Panchsheel Park, Opposite HDFC Bank, Hauz Khas, New Delhi 110017, DL",+91-9999953933,,
Dance Creators - Lajpat Nagar - New Delhi,Gym,New Delhi,"C-6, Basement, Near Raghunath Mandir, Amar Colony, Lajpat Nagar, New Delhi 110024, DL",+91-11-33107503,,
Cuts and Curves - Kalkaji - New Delhi,Gym,New Delhi,"G-66-A, Nehru Place Metro Station, Kalkaji, New Delhi 110019, DL",+91-9971179151,",contact@fitarrow.com,",
Cult The Workout Station - Punjabi Bagh - New Delhi,Gym,New Delhi,"A-7, Vishal Enclave, 1st Floor, Tagore Garden Extension, Punjabi Bagh, New Delhi 110018, DL",,",x3ehello@cult.fit,hello@cult.fit,",
Cult The Workout Station - Greater Kailash 1 - New Delhi,Gym,New Delhi,"A-5, Zaytun International Academy, Kailash Colony Road, Greater Kailash 1, New Delhi 110048, DL",,",x3ehello@cult.fit,hello@cult.fit,",
Cult The Workout Station - Hauz Khas - New Delhi,Gym,New Delhi,"M-5, Ground & 1st Floor, Near Yes Bank, Aurobindo Marg, Hauz Khas, New Delhi 110016, DL",,",partner.support@cult.fit,x3ehello@cult.fit,hello@cult.fit,",
Crush Fitness at iFitness - Green Park - New Delhi,Gym,New Delhi,"L-1, 3rd Floor, IFitness, Green Park Extension, Near State Bank Of India, Green Park, New Delhi 110016, DL",,",sales@ifitness.co.in,",
Crush Fitness at Gold's Gym - East Of Kailash - New Delhi,Gym,New Delhi,"E-15, Gold's Gym, Block A, Kailash Colony, Next To Kailash Colony Metro Station, East Of Kailash, New Delhi 110065, DL",+91-11-46610101,"WeCare@GoldsGym.in,,gk.delhi@goldgymindia.com,",
Crowne Plaza Mayur Vihar - Mayur Vihar Phase 1 - New Delhi,Gym,New Delhi,"13-B, Near Star Mall, Junction Of Dadri Main Road, Mayur Vihar Phase 1, New Delhi 110091, DL",+91-11-41102222,",mukesh@conferencevenue.in,reservations.cpmv@ihg.com,",
CrossFit Himalaya - Chattarpur - New Delhi,Gym,New Delhi,"D-108, Chattarpur Hills, Near Qutab Minar Metro Station, 100 Foot Road, Chattarpur, New Delhi 110074, DL",+91-8956505151,",crossfithimalaya@gmail.com,",
Crossfit Create - Lajpat Nagar - New Delhi,Gym,New Delhi,"74, Block A, Near Avian WE, Link Road, Lajpat Nagar, New Delhi 110024, DL",+91-11-42548899,,
CrossFit 3607 - Punjabi Bagh - New Delhi,Gym,New Delhi,"2, NWA, Above 24x7 Convenience Store, Club Road West, Punjabi Bagh, New Delhi 110026, DL",+91-9811303607,",backtobasicscrossfit@gmail.com,",
Country Fitness Gym - Adarsh Nagar - New Delhi,Gym,New Delhi,"A-241, Majlis Park, Near Meerut Wala Sweets Shop, SS Rana Road, Adarsh Nagar, New Delhi 110033, DL",+91-9953959059,,
Country Fitness Gym - Shalimar Bagh - New Delhi,Gym,New Delhi,"7, Vardhaman Prime Plaza, 2nd & 3rd Floor, Block BN, Jhulelal Mandir Marg, Near Bikaner Keservala, Shalimar Bagh, New Delhi 110088, DL",+91-11-47018998,,
Country Fitness Gym - Kamla Nagar - New Delhi,Gym,New Delhi,"29, Near Hansraj College, Malka Ganj Road, Kamla Nagar, New Delhi 110007, DL",+91-8860796500,",memberexperience@anytimefitness.in,",
Core 360 - Greater Kailash 2 - New Delhi,Gym,New Delhi,"W-86, Near Alpina Hotel, W Block Road, Greater Kailash 2, New Delhi 110047, DL",+91-9839049059,",info@grandslamfitness.co.in,",
Complete Fitness - Kamla Nagar - New Delhi,Gym,New Delhi,"D-7, 2nd Floor, Near Gopal Sweets, Kamla Nagar, New Delhi 110007, DL",+91-8459690007,",memberexperience@anytimefitness.in,shivamkhowal1993@gmail.com,",
Club Xcell - Chattarpur - New Delhi,Gym,New Delhi,"D-89-A, Hans Building, Basement, Phase 2, Under Affinity Salon, 100 Feet Road, Chattarpur Enclave, New Delhi 110074, DL",+91-9871730287,"kiddy@clubxcell.in,,",
Club 9 - Hargobind Enclave - New Delhi,Gym,New Delhi,"9, Opposoite Shanti Mukund Hospital, Vikas Marg, Hargovind Enclave, New Delhi 110092, DL",+91-11-22370560,",somdistilleries@rediffmail.com,rajeshdubey@somindia.in,",
Chisel - Punjabi Bagh - New Delhi,Gym,New Delhi,"12, Near Hawalat, Fitness Gear LLP, Club Road, Club Road, Punjabi Bagh, New Delhi 110026, DL",+91-7999991182,,
Chisel - Laxmi Nagar - New Delhi,Gym,New Delhi,"B-154, Priyadarshini Vihar, Near Lovely Public School, Mangal Bazar Road, Laxmi Nagar, New Delhi 110092, DL",+91-8025567487,"aloksingh3009@gmail.com,,",
Challengers Gym - Adarsh Nagar - New Delhi,Gym,New Delhi,"A-240, Block A, Majlis Park, Near Meerut Wala Sweets Shop, SS Rana Road, Adarsh Nagar, New Delhi 110009, DL",+91-9210702388,,
Cardio Prime Gym - Mayur Vihar Phase 1 - New Delhi,Gym,New Delhi,"P-18, 1st Floor, Block P, Near Neelgiri Restaurant, Pandav Nagar, Mayur Vihar Phase 1, New Delhi 110091, DL",+91-7834906101,,
Cardio Prime Gym - Vasundhara Enclave - New Delhi,Gym,New Delhi,"E-52, 1st Floor, Opposite Dashmesh Public School, New Ashok Nagar, Vasundhara Enclave, New Delhi 110096, DL",+91-7834935048,",cardioprimegym@gmail.com,",
Cardio Prime Gym - Patparganj - New Delhi,Gym,New Delhi,"F-53, Madhu Vihar, Near Gurudwara Madhu Vihar, Gurudwara Road, I.P.Extension, Patparganj, New Delhi 110092, DL",+91-7834860002,,
Butterfly Gym and Fitness Academy - Patel Nagar - New Delhi,Gym,New Delhi,"29/8, Bodhraj Kohli Marg, Block 29, East Patel Nagar, Patel Nagar, New Delhi 110008, DL",+91-8471070707,,
Built Up Gym - Pitampura - New Delhi,Gym,New Delhi,"KP-9, Maurya Enclave, Near City Park Hotel, Pitampura, New Delhi 110034, DL",,",ashish.phogat6687@gmail.com,support@fitarrow.com,",
Brix Gym - Tilak Nagar - New Delhi,Gym,New Delhi,"4-A/2, Near Axis Bank, Najafgarh Road, Tilak Nagar, New Delhi 110018, DL",+91-11-45118500,,
Boxfit - Greater Kailash 1 - New Delhi,Gym,New Delhi,"81, Opposite Eros Hotel, Lala Lajpat Rai Road, Hemkunt Colony, Greater Kailash 1, New Delhi 110048, DL",+91-8800134969,",boxfit.in@gmail.com,",
Boss Gyms - Krishna Nagar - New Delhi,Gym,New Delhi,"B-9/10, Block B, Near Krishna Nagar Metro Station, Lala Hans Raj Mahajan Road, Krishna Nagar, New Delhi 110051, DL",+91-9958730021,,
Body Touch Fitness Solution - Patel Nagar - New Delhi,Gym,New Delhi,"24, Block 1, Near Kalinga Chowk, Balraj Khanna Marg, Patel Nagar, New Delhi 110008, DL",+91-9999304224,",info@kfsfitness.com,",
Body Mechanics - Hargobind Enclave - New Delhi,Gym,New Delhi,"1, Near Karkardooma Metro Station, Bhartendu Harish Chandra Marg, Hargobind Enclave, New Delhi 110092, DL",+91-11-42508462,,
Body Mechanics - Janakpuri - New Delhi,Gym,New Delhi,"183, Block B-3, Near Trendz Salon, Dharam Marg, Janakpuri, New Delhi 110057, DL",+91-11-43007477,",memberexperience@anytimefitness.in,",
Body Doctor's Gym and Spa - Janakpuri - New Delhi,Gym,New Delhi,"B-1/21, B Block, Near Amarleela Hospital, Main Najafgarh Road, Janakpuri, New Delhi 110058, DL",+91-9899901112,,
Body Designer Gym - Vivek Vihar - New Delhi,Gym,New Delhi,"T-262, Near Dasmesh Public School, Vivek Vihar, New Delhi 110095, DL",+91-9871505856,,
Body Booster Gym - Lajpat Nagar - New Delhi,Gym,New Delhi,"B-18, Near Gurudwara, Dayanand Colony, Lajpat Nagar, New Delhi 110024, DL",+91-9871556123,,
Blu1 Fitness - New Friends Colony - New Delhi,Gym,New Delhi,"174, Behind Surya Hotel, Lotus Pond Road, New Friends Colony, New Delhi 110025, DL",+91-7838669390,",youremail@yourdomain.com,",
Black's Gym - Saket - New Delhi,Gym,New Delhi,"J-211, Near Punjab National Bank, Mandir Marg, Saket, New Delhi 110017, DL",+91-9910362836,,
Bharat Thakur's Artistic Yoga - Hauz Khas - New Delhi,Gym,New Delhi,"F-7, Gate No 1, Behind Laxman Public School, Block F Road, Hauz Khas, New Delhi 110016, DL",+91-8800834910,,
Battlefield Gym - Dwarka - New Delhi,Gym,New Delhi,"2, Block A, Sector 12, Dwarka, New Delhi 110075, DL",+91-8860010080,",u003ebattlefieldpvt@gmail.com,battlefieldpvt@gmail.com,",
Ayushi The Women Point - Saket - New Delhi,Gym,New Delhi,"Opposite Gate No 3, Freedom Fighter Enclave Colony, Neb Sarai, IGNOU Road, Block J, Saket, New Delhi 110068, DL",+91-9654916620,,
ATS Fitness Centre - Kirti Nagar - New Delhi,Gym,New Delhi,"F-1, Near Kirti Sports Complex, Main Market, Loknath Marg, Kirti Nagar, New Delhi 110015, DL",+91-9891370381,,
Atre Yoga Studio - Hauz Khas - New Delhi,Gym,New Delhi,"125-A, Nanak Bhavan, 3rd Floor, Shahpurjat, Panchsheel Park, Walk From Nearest Yellow Metro Line, Hauz Khas, New Delhi 110049, DL",+91-9958937036,"u003einfo@atreyogastudio.com,info@atreyogastudio.com,,",
Athletique Fitness - Saket - New Delhi,Gym,New Delhi,"181-B, Opposite Select City Walk Mall, Khirki Village, Saket, New Delhi 110017, DL",+91-9953531711,",memberexperience@anytimefitness.in,",
Athlesis Beyond Fitness - Kalkaji - New Delhi,Gym,New Delhi,"F-4, Block F, Near KFC, Kalkaji Main Road, Kalkaji, New Delhi 110048, DL",+91-9811332145,",theultimatefitnesstuf@gmail.com,",
Athlesis Beyond Fitness - Ashok Vihar - New Delhi,Gym,New Delhi,"35/36, Deep Central Market, 1st Floor, Above Bengal Sweets, Ashok Vihar, New Delhi 110052, DL",+91-9899002910,",youremail@yourdomain.com,",
Asquare Academy Of Creativity and Dance - Pitampura - New Delhi,Gym,New Delhi,"66, 2nd Floor, Harsh Vihar Chowk, Near Subway Restaurant, Road No 44, Pitampura, New Delhi 110034, DL",+91-9899642484,,
Artistic Motion Studio - Rajouri Garden - New Delhi,Gym,New Delhi,"J-1, Basement, Main Market, Near Reema Flower Shop, Rajouri Garden, New Delhi 110027, DL",+91-9990179176,,
Aqua Point - Janakpuri - New Delhi,Gym,New Delhi,"Near Kendriya Vidyalaya, Back Gate, Block C2C, C-2 Road, Janakpuri, New Delhi 110058, DL",+91-11-25522110,",harisharora536@gmail.com,",
Aptitude Resolution for Fitness - Pitampura - New Delhi,Gym,New Delhi,"B-288, Near Deepali Chowk, Outer Ring Road, Saraswati Vihar, Pitampura, New Delhi 110034, DL",+91-8130861144,,
Apex Yoga And Dance Studio - Rajouri Garden - New Delhi,Gym,New Delhi,"C-94, Off OP Bharti Marg, Near Bikaner Wale, Naraina Vihar, Rajouri Garden, New Delhi 110028, DL",+91-9650292855,,
Anytime Fitness Safdurjung Enclave - Safdarjung Enclave - New Delhi,Gym,New Delhi,"B-4/51, B-4 Block, Opposite Hotel Fables, Nauroji Nagar Marg, Safdurjung Enclave, New Delhi 110029, DL",+91-9540999949,,
Anytime Fitness - Paschim Vihar - New Delhi,Gym,New Delhi,"B-376, Meera Bagh, Next To Sehgal Neo Hospital, Outer Ring Road, Paschim Vihar, New Delhi 110018, DL",+91-9599505650,"x3ememberexperience@anytimefitness.in,memberexperience@anytimefitness.in,,info@anytimefitness.in,",
Anytime Fitness - Shalimar Bagh - New Delhi,Gym,New Delhi,"L.S.C, 2nd Floor, Near AL Market, Maharishi Dayanand Marg, Shalimar Bagh, New Delhi 110088, DL",+91-9910077270,",memberexperience@anytimefitness.in,info@anytimefitness.in,John.Smith@anytimefitness.com,x3eJohn.Smith@anytimefitness.com,",
Anytime Fitness - Vikaspuri - New Delhi,Gym,New Delhi,"H-12, Near KR Mangalam World School, H Block Road, Vikaspuri, New Delhi 110018, DL",+91-9990800300,",info@anytimefitness.in,",
Anytime Fitness - Dwarka - New Delhi,Gym,New Delhi,"11, Besides Modern Bazaar, Near Bikaner Sweets, Sector 12, Dwarka, New Delhi 110075, DL",+91-9650502159,",memberexperience@anytimefitness.in,",
Anytime Fitness - Model Town - New Delhi,Gym,New Delhi,"B-4/8, 1st Floor, Phase 1, Block B, Near State Bank Of India, Model Town, New Delhi 110009, DL",+91-11-47017171,",memberexperience@anytimefitness.in,x3eJohn.Smith@anytimefitness.com,x3ememberexperience@anytimefitness.in,John.Smith@anytimefitness.com,info@anytimefitness.in,",
Anytime Fitness - Pitampura - New Delhi,Gym,New Delhi,"4, BD Block, Near QD Block, DDA Market, Pitampura Road, Pitampura, New Delhi 110033, DL",+91-9871718375,"x3ememberexperience@anytimefitness.in,memberexperience@anytimefitness.in,,info@anytimefitness.in,",
Anytime Fitness - Janakpuri - New Delhi,Gym,New Delhi,"Block C-2/19, Near Muskan Megamart, Lal Sain Mandir Marg, Janakpuri, New Delhi 110075, DL",+91-9821900833,"x3ememberexperience@anytimefitness.in,memberexperience@anytimefitness.in,,",
Anytime Fitness - Rajouri Garden - New Delhi,Gym,New Delhi,"FC-1, TDI Mall, 3rd Floor, Vishal Enclave, Vishal Cinema Road, Rajouri Garden, New Delhi 110027, DL",+91-9599800804,",memberexperience@anytimefitness.in,",
Anytime Fitness - Preet Vihar - New Delhi,Gym,New Delhi,"C-53, 2nd & 3rd Floor, Near Ryan International School, Vikas Marg, Preet Vihar, New Delhi 110092, DL",+91-9810091426,",memberexperience@anytimefitness.in,John.Smith@anytimefitness.com,x3eJohn.Smith@anytimefitness.com,",
Anytime Fitness - Punjabi Bagh - New Delhi,Gym,New Delhi,"11-C, 1st Floor, Near Masabaa, North West Avenue Club Road, Punjabi Bagh, New Delhi 110026, DL",+91-9555527777,"x3ememberexperience@anytimefitness.in,memberexperience@anytimefitness.in,,info@anytimefitness.in,",
Anytime Fitness - Kamla Nagar - New Delhi,Gym,New Delhi,"38, 1st Floor, Opposite Amitabh Banquet, Bungalow Road, Kamla Nagar, New Delhi 110007, DL",+91-8130432323,"x3ememberexperience@anytimefitness.in,memberexperience@anytimefitness.in,,info@anytimefitness.in,",
Anytime Fitness - Patel Nagar - New Delhi,Gym,New Delhi,"23/14, 1st Floor, Market, Block 18, Near Looks Unisex Salon, Patel Nagar, New Delhi 110008, DL",+91-9811122872,",patelnagar.delhi@anytimefitness.in,info@anytimefitness.in,",
Anytime Fitness - Malviya Nagar - New Delhi,Gym,New Delhi,"D-83, Main Market, Opposite Mother Dairy, Malviya Nagar, New Delhi 110017, DL",+91-7838640414,",info@anytimefitness.in,John.Smith@anytimefitness.com,x3eJohn.Smith@anytimefitness.com,",
Anytime Fitness - Greater Kailash 2 - New Delhi,Gym,New Delhi,"M-64, 2nd & 3rd Floor, M Block Market, Next To 24 Seven Convenience Store, Greater Kailash 2, New Delhi 110048, DL",+91-8375972041,",memberexperience@anytimefitness.in,gk2.delhi@anytimefitness.in,",
Anytime Fitness - Lajpat Nagar - New Delhi,Gym,New Delhi,"01, Basement, Near Moolchand Metro Station, Ring Road, Lajpat Nagar, New Delhi 110024, DL",+91-9910057063,"x3ememberexperience@anytimefitness.in,memberexperience@anytimefitness.in,,info@anytimefitness.in,",
Alee Club - Rohini - New Delhi,Gym,New Delhi,"E-3/4, Near Rohini West Metro Station, Sector 7, Rohini, New Delhi 110085, DL",+91-11-27044700,",alee_club97@yahoo.co.in,",
Aesthetic Yoga - Vasant Kunj - New Delhi,Gym,New Delhi,"C-6/6162, Nugen Learning Centre, Opposite Delhi Public School, Vasant Kunj, New Delhi 110070, DL",+91-9953762615,,
Adonis Gym - Vikaspuri - New Delhi,Gym,New Delhi,"C-26/A, Block C, Below Allahabad Bank, Vikaspuri, New Delhi 110018, DL",+91-11-45734233,"me@nehaagarwal.in,,",
Absolute Fitness Gym and Spa - Dwarka - New Delhi,Gym,New Delhi,"1/6, Manish Market Plaza, 2nd Floor, Pocket 2, Near The Black Olive, Sector 12, Dwarka, New Delhi 110078, DL",+91-9540490490,",mirzafaheembeig@gmail.com,",
ABB Initio - Vasant Vihar - New Delhi,Gym,New Delhi,"35, 2nd & 3rd Floor, Near Priya Cinema Complex, Munirka Marg, Basant Lok, Vasant Vihar, New Delhi 110057, DL",+91-9999045605,",contact@fitarrow.com,",
A Soul Fitness Centre - Gujranwala - New Delhi,Gym,New Delhi,"4, Royal Complex, Model Town, Block B, Gujranwala Town, New Delhi 110033, DL",+91-9891575452,,
91 Fitness Gym N CrossFit - Rohini - New Delhi,Gym,New Delhi,"1, Block H, Near Kotak Mahindra Bank ATM, Road No B7, Sector 18, Rohini, New Delhi 110089, DL",+91-9711704048,",Rahul91fitness@gmail.com,",
3D the Gym - Saket - New Delhi,Gym,New Delhi,"B-89, Paryavaran Complex, Near Red Roses Public School, Saket, New Delhi 110030, DL",+91-9540780419,"thegoldgyminfo@gmail.com,,shiv@thegym.in,",
3D the Gym - Dwarka - New Delhi,Gym,New Delhi,"A-162, 1st Floor, Gali No 12-L, Near Satyam Public Schoo, Bhagwati Garden Extention, Dwarka, New Delhi 110099, DL",,",shiv@thegym.in,",
3D The Gym - Tilak Nagar - New Delhi,Gym,New Delhi,"A-59, 2nd Floor, Vishnu Garden, Behind Pacific Mall, Tilak Nagar, New Delhi 110018, DL",+91-9212592421,",customercare@transdeals.in,",
3D The Gym - Vikaspuri - New Delhi,Gym,New Delhi,"107, !st Floor, H Block, Lal Market, Vikaspuri, New Delhi 110018, DL",+91-8010091303,",shiv@thegym.in,",
360 Degree Fitness - Pitampura - New Delhi,Gym,New Delhi,"GP-3, Basement, Maurya Enclave, Near Gopal Mandir, Pitampura, New Delhi 110088, DL",,",ashish.phogat6687@gmail.com,",
24 Fitness Studio - Malviya Nagar - New Delhi,Gym,New Delhi,"D-71, Basement, Main Market, Opposite Punjab National Bank, Malviya, Nagar, New Delhi 110017, DL",+91-8826321340,,
21 Fitness - Anand Vihar - New Delhi,Gym,New Delhi,"272, AGCR Enclave, Maharshi Valmiki Marg, Near State Bank Of India, Anand Vihar, New Delhi 110092, DL",+91-9958482121,",info@21fitnessgym.com,memberexperience@anytimefitness.in,",
Gold's Gym - Paschim Vihar - New Delhi,Gym,New Delhi,,,"WeCare@GoldsGym.in,,paschimvihar.delhi@goldsgymindia.com,dayanand.delhi@goldsgym.in,",
